Date,Time,Pictures,Parties,Proof,interaction_id
12/15/24,8am-10am,No,"Carolyn, Jorge",Kelly and David? text,1
6/30/24,7am-10am,No,"Bradley, John, Joseph",Rachel and Deborah text,2
10/11/24,1pm-1pm,Yes,"Caitlin, Christopher, Paula",Donna text,3
9/17/25,2pm-3pm,No,"Dwayne, Patricia",Dwayne and Michael text,4
9/9/25,6am-7am,Yes,"Deborah, Andrea, Joe",Joe and Deborah text,5
10/12/24-10/14/24,6am-8am,Yes,"Philip, Matthew",Matthew and Brian text,6
4/30/25,7pm-9pm,Yes,"Shannon, Jonathan",Cole text,7
12/11/23-12/12/23,2pm-3pm,Yes,Cody,Cody text,8
12/23/24,6pm-6pm,Yes,Kenneth,Kenneth text,9
6/1/24,3pm-4pm,Yes,"Elizabeth, Carl, Brittany",Kathleen text,10
11/16/23,7am-8am,Yes,"Andrew, Julie",David text,11
1/3/25,9am-11am,No,"Anthony, Darlene, Mary",Mary and Darlene text,12
12/30/23,8am-10am,Yes,Helen,Michael text,13
1/11/25,7am-9am,Yes,"Rachel, Melinda",Melinda and Rachel text,14
6/24/24,8pm-9pm,No,Cynthia,Kenneth text,15
6/16/24,4pm-5pm,Yes,"Sheryl, Anita, Ronnie",Julie and Sheryl text,16
12/28/23,7am-8am,No,"Donna, Tammy, Brooke",Donna text,17
7/10/24,5pm-6pm,No,"Terrance, Eric",Terrance text,18
3/18/24,7am-8am,No,"Molly, John",Jason and Rachel text,19
2/11/25,10am-12pm,No,Robert,Michael text,20
3/25/24,11am-1pm,Yes,Bridget,Bridget text,21
10/31/24-11/1/24,1pm-2pm,Yes,John,Rachel text,22
5/4/24,10am-12pm,Yes,Sandra,Samantha text,23
11/29/23,9am-10am,No,"Andrew, Tony, Anthony",Deborah and Samantha text,24
8/27/24-8/29/24,10am-11am,Yes,"Curtis, Joseph, Melissa",Joseph and Cole text,25
8/10/24,5pm-7pm,Yes,"Keith, Janice",Janice text,26
1/3/25-1/4/25,10am-11am,No,"Tammy, Stephanie",William and Michael text,27
12/22/23,7pm-7pm,Yes,"Tammie, Samantha, Jeffrey",Samantha and Tammie text,28
3/26/25-3/28/25,11am-1pm,Yes,"Matthew, Sandra, Helen",Samantha text,29
9/8/24-9/10/24,4pm-6pm,No,"Jonathan, Jennifer, Cassandra",David text,30
11/14/24,11am-12pm,Yes,"Sandra, Sarah",Samantha and Cody text,31
8/6/25,7am-8am,Yes,"Anthony, Rachel, William",William and Rachel text,32
6/19/25,8am-8am,No,"Aaron, Sheryl",Sheryl and Aaron text,33
4/19/24,12pm-2pm,Yes,"Christopher, Julie, Nicholas",Nicholas and Christopher text,34
7/9/25,6am-7am,No,"Jeremy, Brian",Jonathan and Brian text,35
11/18/24-11/19/24,9am-10am,Yes,Kaitlin,Kaitlin text,36
6/20/25,12pm-2pm,No,"Michael, Darlene",Darlene and Samantha text,37
2/26/25,2pm-4pm,Yes,Shawn,Shawn text,38
12/10/24,7am-9am,Yes,"Robert, Mary, Christopher",Michael and Mary text,39
5/10/24-5/12/24,12pm-1pm,Yes,Ricky,Ricky and Rachel text,40
1/3/25,10am-12pm,No,"Jeffrey, Mary, Calvin",Jeffrey and Calvin text,41
12/11/23,2pm-3pm,Yes,"Shannon, Jennifer, Diane",Matthew and Cole text,42
2/8/25,11am-11am,Yes,Lisa,Cole and Rachel text,43
6/10/24-6/11/24,6pm-6pm,Yes,"Jody, Elizabeth",Kathleen text,44
5/1/25,11am-12pm,No,Victor,Deborah text,45
12/17/23-12/18/23,12pm-1pm,Yes,Grace,Grace text,46
6/29/25,5pm-6pm,Yes,Erik,Ruth text,47
4/5/24,8am-10am,Yes,Mary,Mary text,48
10/20/24,4pm-5pm,No,Jimmy,Jimmy text,49
2/2/24,11am-1pm,Yes,"Patricia, Nicole, William",Deborah text,50
12/1/23,1pm-4pm,Yes,Robert,Michael text,51
3/31/24-4/1/24,4pm-6pm,No,Kent,Kent text,52
2/15/25,11am-1pm,No,Kelsey,Kelsey text,53
12/12/24,6am-7am,Yes,"Heather, Rachel",Curtis text,54
9/21/25,12pm-1pm,Yes,"Jennifer, Carolyn, Cassandra",Kelly and Cassandra text,55
10/26/23,6am-7am,Yes,"Grace, William",Bethany? and William text,56
3/29/25,10am-12pm,Yes,"Thomas, Angela, Victor",William text,57
6/8/25,11am-11am,No,Bridget,Cole? and Bridget text,58
11/2/24,3pm-4pm,No,Dylan,Maria text,59
3/15/24,7pm-8pm,No,"Rachel, Amanda, Sandra",Rachel and Amanda text,60
6/20/25-6/22/25,9am-10am,No,"Matthew, Ruth",Darlene? and Anthony text,61
8/11/24,7pm-8pm,No,"Michael, Lisa, Teresa",Cole text,62
2/10/25-2/11/25,6pm-7pm,Yes,"Christopher, Anthony",Christopher text,63
9/16/24,9am-9am,Yes,Rebecca,Rebecca text,64
3/5/24-3/6/24,10am-12pm,No,Harry,Harry text,65
2/12/24,10am-12pm,Yes,"Sheryl, Ronnie, Joshua",Julie and Harry text,66
11/18/24-11/20/24,4pm-5pm,No,"Jeffrey, Caitlin",William text,67
4/20/24-4/22/24,1pm-3pm,No,Bridget,Bridget text,68
10/11/24,9am-10am,Yes,"Christopher, Michael",Christopher and Samantha text,69
12/28/24,11am-12pm,No,Dan,Dan text,70
9/22/24,8pm-10pm,Yes,"Cassandra, Andrew",Cassandra and Deborah text,71
8/5/25-8/7/25,4pm-6pm,Yes,"Brandon, Sandra, David",Samantha text,72
11/20/23,3pm-4pm,No,"Mary, Diane",Matthew and Mary text,73
10/1/25-10/2/25,12pm-1pm,Yes,"Ann, David",David text,74
12/19/23,9am-10am,Yes,"Nicole, Caitlin",Samantha? text,75
11/19/24,1pm-2pm,Yes,"Margaret, Kristopher",John text,76
7/28/25,6am-6am,Yes,"Victor, Nicole",Victor and Deborah text,77
12/2/24-12/4/24,10am-11am,No,"Maureen, Renee",Michael text,78
2/21/25-2/22/25,5pm-7pm,Yes,"Elizabeth, Catherine, Helen",Michael and Kathleen text,79
5/28/25,6pm-7pm,No,Harry,Harry text,80
8/13/24,10am-12pm,No,"Jason, Brandy, Maureen",Danielle text,81
2/15/24,8am-9am,Yes,"Cynthia, Amanda, Dana",Kenneth text,82
11/13/23,3pm-5pm,Yes,"Sarah, Bridget",Sarah text,83
8/3/24,8am-10am,No,"Keith, Kelly",Keith text,84
6/28/24-6/29/24,12pm-1pm,Yes,Maria,Donald text,85
12/29/23,10am-11am,Yes,Michael,Michael text,86
7/17/25,12pm-2pm,Yes,"Sandra, Andrew",Samantha and Andrew text,87
10/13/24,6pm-8pm,No,"Lisa, Heather, Jody",Curtis text,88
8/1/25,6pm-9pm,No,"Alexander, Samantha",Samantha text,89
11/12/23-11/13/23,1pm-2pm,Yes,"Tony, Hunter",Samantha text,90
9/11/25,7pm-9pm,Yes,"Jonathan, Jeffrey",Jeffrey and Samantha text,91
9/12/24-9/14/24,3pm-4pm,Yes,"Cassandra, Kelsey, Jonathan",Jonathan text,92
4/27/24,4pm-6pm,No,Tony,Samantha text,93
6/24/25,5pm-6pm,Yes,"Melanie, Tony",Christopher text,94
10/30/23,5pm-7pm,Yes,Edward,Kristopher text,95
7/31/25,4pm-5pm,No,Brandi,Courtney? and Brandi text,96
10/5/24-10/6/24,8pm-10pm,No,"Aaron, Curtis, Caitlin",Darlene text,97
12/13/24,8am-9am,Yes,"Amanda, Crystal",Michael text,98
12/26/23,8pm-10pm,No,Joseph,Joseph text,99
5/12/25-5/13/25,8pm-8pm,Yes,"William, Andrea, Emily",William text,100
5/11/24,10am-12pm,No,Angela,Angela text,101
10/31/24-11/2/24,5pm-6pm,Yes,"Ronnie, Heather, Amanda",Curtis text,102
10/28/23,12pm-2pm,Yes,"Steven, Rachel",Rachel and Jeffrey text,103
9/25/25-9/27/25,7am-8am,Yes,"Janice, Jeffrey",Janice text,104
11/27/24-11/29/24,6pm-6pm,Yes,"Christy, Sandra",Rachel? text,105
5/21/25,10am-11am,Yes,Terrance,Terrance text,106
3/3/25,10am-12pm,No,Renee,Michael text,107
10/16/24,7pm-9pm,Yes,Cole,Cole text,108
5/30/25,11am-1pm,Yes,"Jeffrey, Steven, Cynthia",Jeffrey text,109
12/29/24-12/31/24,6am-8am,No,"Michael, Victor",Deborah and Michael text,110
3/26/25,2pm-3pm,No,Tammy,Michael text,111
8/6/24-8/8/24,8pm-9pm,No,"Jeffrey, Dan, Margaret",Jeffrey and John text,112
7/6/24,6am-7am,No,Joshua,Harry text,113
9/10/25-9/12/25,8am-10am,Yes,"Jimmy, Ruth",Ruth and Jimmy text,114
6/30/25,11am-11am,Yes,"Danielle, Thomas, Anthony",Anthony text,115
1/11/25-1/13/25,6am-7am,No,Kathryn,Danielle text,116
11/14/23,7pm-9pm,Yes,Lauren,Rachel text,117
7/19/24,7pm-8pm,Yes,"Tony, Tammy",Samantha and William text,118
10/3/25,11am-1pm,No,"Maureen, Kathryn",Maureen text,119
10/26/23,6am-7am,No,"Christopher, Darlene, Shannon",Darlene text,120
8/15/25-8/17/25,10am-12pm,Yes,,John text,121
2/17/24,5pm-6pm,Yes,"Brandi, Daniel, Christopher",Brandi text,122
4/20/24,6pm-8pm,Yes,"Emily, Darlene",Darlene text,123
12/17/23,8pm-8pm,No,"Jordan, Rachel",Jesus text,124
3/3/25-3/4/25,4pm-5pm,No,"Harry, Jennifer, Sheila",Jennifer text,125
5/15/24,10am-11am,Yes,Paula,Cole text,126
5/19/25,11am-11am,Yes,"Madison, John",Rachel and Claudia text,127
9/26/24,8am-9am,No,"Carlos, Mary, Maria",Donald and James text,128
5/31/25,7pm-9pm,Yes,"Samuel, Patricia, Stephen",Deborah text,129
6/16/24-6/17/24,1pm-3pm,Yes,Samuel,William? text,130
1/19/25,10am-11am,No,Michael,Michael text,131
3/1/24-3/3/24,8pm-10pm,Yes,"Elizabeth, Calvin",Calvin and Kathleen text,132
3/16/24,12pm-3pm,No,"Cynthia, Kerry",Rachel? and Kenneth text,133
9/25/25,1pm-2pm,No,"Tony, Jonathan, Deborah",Samantha text,134
11/5/23-11/7/23,5pm-6pm,Yes,Cassandra,Michele? and Cassandra text,135
1/13/25-1/14/25,1pm-2pm,Yes,David,David text,136
4/7/24,12pm-2pm,No,"Angel, Tom, Melissa",Angel and Tom text,137
1/16/24,1pm-3pm,Yes,"Rachel, Matthew",Rachel text,138
10/18/23-10/20/23,6am-9am,No,"Nicole, Anthony",Anthony text,139
6/23/24,2pm-3pm,Yes,Heather,Cassandra? text,140
10/18/24,5pm-5pm,Yes,"Edward, Alexander",Kristopher and Alexander text,141
4/10/24,5pm-6pm,Yes,"Philip, Cynthia, Cassandra",Cassandra and Kenneth text,142
3/19/24,11am-1pm,Yes,"Cameron, Malik, Cassandra",Cassandra and Malik text,143
8/4/24-8/6/24,3pm-5pm,No,Carolyn,Kelly text,144
5/27/25,3pm-5pm,No,"Bridget, Victor",Bridget and Victor text,145
3/3/24-3/5/24,3pm-4pm,No,"Heather, Lisa, Dana",Curtis and Dana text,146
6/28/25,7am-9am,Yes,"Heather, Michael, Jody",Michael text,147
1/3/25,1pm-2pm,Yes,"Rachel, Jeffrey",Donna text,148
3/18/25,4pm-6pm,No,"Kevin, Jimmy, Christy",Keith text,149
11/15/23-11/16/23,6am-9am,No,"Ann, Jimmy, Helen",Michael and Ann text,150
11/16/24,2pm-2pm,No,"Erika, Jason",Jason text,151
11/22/24,6am-7am,Yes,"Ann, Richard",Ann and Danielle? text,152
4/29/24,12pm-2pm,No,"William, Nicole",Deborah and William text,153
9/16/24,3pm-5pm,No,Michael,Michael text,154
5/4/25-5/5/25,7am-9am,Yes,"Christopher, Andrew",Andrew and Kathleen? text,155
5/21/24,5pm-6pm,No,Anthony,Anthony text,156
3/29/24,9am-11am,Yes,Mia,Mia text,157
1/6/24,8am-8am,No,"Paula, Ian, Roger",Stacy text,158
12/8/23-12/9/23,8am-9am,Yes,Ronald,Ronald text,159
6/5/24,5pm-7pm,No,"Joseph, Gregory, Lisa",Dana and Cole text,160
5/12/24-5/14/24,5pm-7pm,No,"Robert, Regina, Rachel",Rachel text,161
5/28/24,7am-8am,Yes,"Deborah, Darren, Keith",Deborah text,162
7/4/25,11am-12pm,Yes,"Renee, Brittany, Barbara",Barbara and David text,163
7/3/24,7pm-9pm,No,"Ronald, Molly",Jason and Cole text,164
1/9/24-1/11/24,3pm-4pm,No,"Tony, Lauren, Caitlin",Samantha text,165
7/30/25,1pm-2pm,No,"Cole, Matthew, Julie",Anthony text,166
4/5/25,6pm-7pm,Yes,"Carlos, Bridget",Carlos and Cassandra? text,167
1/20/25,10am-11am,No,Anthony,Anthony text,168
4/12/24-4/14/24,11am-1pm,Yes,"Miguel, Dwayne, Sheryl",Sheryl and Dwayne text,169
4/22/24-4/23/24,6pm-8pm,No,"Rachel, Heather, Patricia",Rachel text,170
10/1/24,7am-9am,No,David,David text,171
3/28/24,8pm-10pm,Yes,"John, William, Victor",Deborah text,172
2/20/24-2/22/24,6am-8am,Yes,Andrew,Deborah text,173
7/10/25,12pm-2pm,No,Maria,Donald text,174
12/6/24,8pm-10pm,No,"Stephanie, Elizabeth, Maria",Michael text,175
11/7/23,3pm-4pm,Yes,Sandra,Samantha text,176
4/8/25,2pm-3pm,No,"Brooke, Christopher",Christopher text,177
3/24/24,2pm-3pm,Yes,"Bradley, Michael, Allen",Calvin text,178
11/14/23,6am-8am,No,Dana,Dana text,179
11/7/24,12pm-1pm,No,Sandra,Samantha text,180
3/2/24,7am-9am,Yes,"Bridget, Sandra, Deborah",Deborah and Samantha text,181
9/2/24-9/3/24,7am-8am,Yes,"Melissa, Janice, Lisa",Janice text,182
9/14/25,6pm-7pm,Yes,"Jeremy, Harry",Harry and Jonathan text,183
11/13/24,10am-10am,Yes,,William? text,184
4/23/25-4/25/25,4pm-6pm,No,David,David text,185
10/2/24,12pm-2pm,Yes,,Samantha? text,186
7/13/24,6am-8am,Yes,Anita,Theresa text,187
6/3/25,6am-8am,No,Jessica,Julie text,188
12/10/23,9am-10am,No,Mary,Mary text,189
4/3/25,6am-8am,No,Donna,Donna text,190
4/7/25,4pm-6pm,Yes,Samantha,Samantha text,191
2/16/24,2pm-2pm,No,"Paula, Jeffrey",Donna text,192
4/9/25,1pm-2pm,No,"Jennifer, Ashley",David and Michael text,193
1/13/24,12pm-2pm,No,"Cody, Nicole, Kenneth",Deborah text,194
5/26/24,4pm-5pm,Yes,"Peter, Danielle",Peter text,195
3/30/25,6pm-8pm,Yes,"Sheryl, Seth",Darlene and Sheryl text,196
11/9/24,3pm-5pm,Yes,"Lisa, Tom, Cynthia",Tom and Cole text,197
10/1/25-10/2/25,8am-8am,No,Anthony,Anthony text,198
7/28/24,5pm-7pm,Yes,"Christopher, Austin",Sarah and Cassandra text,199
7/16/24-7/18/24,8pm-10pm,Yes,"Deborah, Nicholas, Bridget",Deborah text,200
12/12/24-12/13/24,5pm-6pm,No,"Jorge, Philip, Adam",Brian text,201
12/31/23,2pm-3pm,Yes,Danielle,Danielle text,202
6/22/25,10am-12pm,No,"Margaret, Nicole",John text,203
12/16/23-12/18/23,8am-9am,No,"Carlos, Michael, Shannon",Michael text,204
3/24/25,1pm-2pm,Yes,"Harry, Donna",Deborah? and Harry text,205
3/5/25,12pm-1pm,No,Matthew,Matthew text,206
3/20/24,3pm-4pm,No,"Daniel, Luis, Eric",Jason and Kendra text,207
2/21/25,7pm-8pm,No,Andrew,Andrew text,208
1/17/25,10am-11am,Yes,John,Rachel text,209
2/14/25,3pm-5pm,No,Jeffrey,Jeffrey text,210
3/18/24,8pm-9pm,No,"Victor, Helen, Michael",Victor text,211
5/28/24,5pm-6pm,Yes,"Wendy, Nicole",Deborah and Alexander text,212
10/28/23,9am-10am,No,"Matthew, Courtney",Matthew and Victor text,213
3/5/24,5pm-6pm,No,"Margaret, Jennifer, Brian",Brian and David text,214
1/21/25,7am-8am,Yes,Maureen,Maureen text,215
7/19/25,3pm-3pm,Yes,Jeff,Michael text,216
8/20/24,1pm-3pm,Yes,"Carlos, David, Paige",David text,217
1/28/24,1pm-2pm,No,"Nicole, Sandra",Deborah text,218
4/2/24-4/3/24,10am-11am,No,"Kristopher, Caitlin",William and Kristopher text,219
12/28/24-12/29/24,6pm-9pm,No,"Mark, Heather",Mark text,220
8/1/25-8/3/25,4pm-6pm,No,"James, Kelly",James text,221
12/6/24,11am-12pm,No,Molly,Jason text,222
8/22/24-8/23/24,7pm-8pm,Yes,"Julie, Harry, Mark",David text,223
1/15/24,12pm-1pm,No,"Kaitlin, Molly",Kaitlin and Jason text,224
2/8/24,6pm-7pm,No,"Harry, Richard",Christopher and Harry text,225
7/29/25,9am-10am,No,"Edward, Sandra, Carlos",Samantha text,226
10/17/24,1pm-4pm,Yes,Cole,Cole text,227
2/4/25-2/6/25,2pm-4pm,No,Sandra,Samantha and Melinda? text,228
10/7/24-10/8/24,6am-6am,Yes,Angela,Angela text,229
9/1/25,12pm-2pm,Yes,,Shannon? text,230
10/8/25,6pm-6pm,Yes,"Stephen, Julie",David text,231
10/22/24,10am-11am,Yes,"Brian, Paige, Rachel",Brian and Rachel text,232
11/9/24,9am-10am,No,Bridget,Bridget text,233
9/10/25,6pm-8pm,No,Deborah,Deborah text,234
2/25/24,7am-8am,Yes,Melinda,Melinda text,235
2/18/24,9am-10am,No,"Michael, Bridget, Tony",Bridget and Michael text,236
8/17/25-8/18/25,5pm-6pm,Yes,Pamela,Pamela text,237
4/20/25,8pm-9pm,No,Curtis,Curtis text,238
6/22/24-6/23/24,7pm-9pm,Yes,Anthony,Anthony text,239
2/11/25-2/13/25,5pm-8pm,No,Jorge,Daniel text,240
12/10/23-12/11/23,3pm-4pm,No,Amanda,Amanda text,241
9/3/25-9/5/25,6am-7am,Yes,,Jeffrey? text,242
2/17/24,8am-10am,Yes,"Matthew, David",David text,243
12/19/23,9am-10am,Yes,William,William text,244
8/29/24,7am-9am,No,"Kayla, Amanda",Michael text,245
4/11/25-4/12/25,11am-12pm,No,"Kathryn, Donald, Andrea",Danielle text,246
6/16/25,3pm-3pm,Yes,"Amanda, Cole, Judith",Amanda and Cole text,247
7/30/25,8am-8am,No,"Donald, Christopher, Margaret",Christopher text,248
10/25/24,12pm-1pm,No,Donald,Donald and Laura? text,249
12/11/24,6am-6am,No,Bridget,Bridget text,250
11/9/24,7pm-9pm,No,"Mark, Matthew, John",Rachel and Matthew text,251
8/27/24,9am-11am,Yes,"Marie, Sheila, Meagan",Sheila text,252
10/22/24,3pm-3pm,Yes,"Mark, Desiree",Mary text,253
5/13/25,7pm-8pm,No,Sheila,Sheila text,254
2/26/24-2/27/24,4pm-6pm,No,"Brandi, Jeremy",Brandi text,255
1/30/25,7pm-9pm,Yes,"Wesley, Jorge, Jeffrey",Jeffrey text,256
7/24/25-7/25/25,8pm-9pm,No,"Madison, Cynthia",Kenneth and Claudia text,257
5/1/25,4pm-6pm,No,"Bridget, Terrance",Terrance text,258
7/27/24,12pm-1pm,Yes,Michael,Samantha text,259
1/4/25,11am-1pm,Yes,"David, Sandra, Melinda",Melinda and David text,260
8/10/25,6pm-7pm,Yes,"Jonathan, Donna, Darlene",Donna and Darlene text,261
1/18/25-1/19/25,8am-9am,Yes,Stephanie,Michael and David? text,262
11/25/23,2pm-5pm,No,"Ann, David",David text,263
4/11/25-4/13/25,3pm-5pm,Yes,"Jeffrey, Philip",Jeffrey and Brian text,264
2/22/24,9am-11am,No,Curtis,Curtis text,265
2/21/25,1pm-4pm,No,"David, Mary, Paige",David text,266
2/23/25,3pm-4pm,Yes,"Bridget, Victor",Victor and Bridget text,267
11/27/24-11/28/24,8am-10am,No,Victor,Deborah text,268
11/24/23,11am-12pm,No,"Jennifer, Larry",Jason and David text,269
3/28/24,3pm-4pm,Yes,"Robert, Steven, Jennifer",Jeffrey text,270
1/9/25,5pm-6pm,Yes,Ariana,Donna text,271
6/20/24-6/22/24,11am-12pm,Yes,Hunter,Hunter text,272
11/25/24,6am-7am,No,"Darlene, Cassandra",Darlene and Dwayne? text,273
1/31/24,6am-7am,No,"Christopher, Steven, Victor",Deborah text,274
9/20/25,8am-10am,No,Philip,Brian text,275
2/4/24-2/5/24,5pm-6pm,Yes,Carl,Shawn text,276
1/9/24-1/11/24,12pm-2pm,No,"Nicholas, David",Courtney? text,277
7/15/25,5pm-6pm,Yes,"David, Cynthia",Kenneth and David text,278
4/16/24,8am-9am,Yes,Tammy,William text,279
1/30/25,11am-12pm,No,Sandra,Samantha text,280
1/9/24,9am-10am,Yes,"Michael, Keith, Michael",Michael text,281
7/27/24,12pm-2pm,No,"Matthew, Lisa, Nicole",Matthew and Cole text,282
1/10/25-1/11/25,8pm-9pm,Yes,"Charles, Curtis",Jeffrey and Curtis text,283
12/24/23,6am-7am,Yes,Angela,Angela text,284
3/3/24,7pm-7pm,Yes,Theresa,Zachary text,285
3/16/24,3pm-5pm,Yes,"Kristopher, Patricia",Kristopher and Michael text,286
4/27/25-4/28/25,8pm-9pm,No,Anna,Anna text,287
3/10/24-3/11/24,3pm-4pm,Yes,Donna,Donna text,288
12/31/24,10am-12pm,No,Donald,Donald text,289
5/23/24-5/25/24,6pm-7pm,No,"Elizabeth, Helen",Michael and Kathleen text,290
12/19/24,12pm-1pm,No,Adam,Cody text,291
4/19/25,9am-10am,Yes,Mary,Mary text,292
10/23/23,7am-9am,No,Donald,Donald text,293
9/16/24,3pm-4pm,Yes,"Kathleen, Brandi",Brandi text,294
6/20/24,7am-9am,Yes,"Angel, Jeffery",Angel text,295
6/3/25,4pm-5pm,Yes,Larry,Deborah? and Jason text,296
10/18/24,10am-10am,No,"Julie, John, Andrew",John and Deborah text,297
2/4/25,11am-1pm,Yes,William,William text,298
12/23/24-12/25/24,9am-11am,Yes,Jennifer,David text,299
11/28/23,11am-12pm,Yes,William,William text,300
12/24/23,5pm-5pm,No,"Craig, Michael, Franklin",Diane and Michael text,301
7/7/25-7/8/25,10am-11am,Yes,Tony,Samantha text,302
6/9/24-6/10/24,11am-12pm,No,"John, David",David and Rachel text,303
1/17/24,4pm-5pm,Yes,Michael,Michael text,304
4/19/24,10am-11am,No,Kathryn,Kathryn text,305
7/14/24,8pm-9pm,Yes,"Sandra, Erik, Helen",Ruth text,306
9/12/24,6pm-7pm,No,Stacey,Stacey text,307
3/28/24,2pm-3pm,No,"Sandra, Randall",Hunter and Samantha text,308
4/9/24,9am-10am,Yes,Steven,Jeffrey text,309
8/23/25,7pm-8pm,No,"Cynthia, William",Michael? and Kenneth text,310
2/17/25,7am-8am,Yes,,Michael text,311
4/2/24-4/4/24,3pm-5pm,Yes,"Sandra, David",David and Samantha text,312
2/18/24,4pm-5pm,Yes,"Matthew, Kyle",Anthony text,313
3/7/25,4pm-5pm,No,"Marie, David",David text,314
5/27/24,10am-12pm,No,"Bridget, Anthony",Bridget text,315
7/31/25,9am-11am,Yes,"William, Cheryl, Alejandro",Deborah and Alejandro text,316
3/6/24,7am-9am,Yes,"Curtis, Mary",Curtis and Mary text,317
10/1/24,4pm-6pm,No,"Mary, Sandra",Samantha text,318
3/4/25,6am-7am,Yes,Cynthia,Kenneth text,319
8/22/24,11am-1pm,Yes,"Jason, Jorge, Bridget",Bridget text,320
7/10/25,1pm-2pm,No,"Ashley, Carl, Helen",Carl and Michael text,321
7/9/24-7/10/24,2pm-3pm,Yes,Eric,Jason text,322
2/26/25-2/28/25,11am-12pm,No,"Elizabeth, Miguel",Elizabeth text,323
3/12/24,12pm-3pm,No,Jeremy,Jonathan text,324
4/10/25,3pm-4pm,Yes,"Danny, Larry, Grace",Jason text,325
9/3/24-9/4/24,9am-11am,Yes,Sheryl,Sheryl text,326
11/26/24-11/28/24,12pm-1pm,No,"Kelsey, Helen, Michael",Samantha and Michael text,327
11/8/23,6am-7am,Yes,Michael,Michael text,328
6/12/25-6/14/25,5pm-7pm,Yes,"Matthew, Brittany, Angela",Angela text,329
11/16/24,8am-10am,Yes,"Michael, Anthony",Anthony and Michael text,330
1/14/25,12pm-1pm,No,Regina,Regina text,331
3/29/24,8pm-9pm,Yes,William,William text,332
7/2/25,6am-8am,Yes,"Eric, Tammy, Kathleen",Jason text,333
5/5/24,12pm-2pm,Yes,Pamela,Pamela text,334
9/10/24,8pm-10pm,Yes,Christopher,Christopher text,335
3/24/24,1pm-3pm,No,"Joshua, Nicole",Harry and Deborah text,336
12/10/23,1pm-3pm,No,"Thomas, Courtney, Donna",Courtney and William text,337
2/17/25,7pm-8pm,No,Nicholas,Nicholas text,338
4/26/25-4/28/25,3pm-4pm,Yes,"Angel, Sandra, Shannon",Samantha text,339
2/14/25,4pm-5pm,Yes,Catherine,Catherine text,340
5/31/25,4pm-6pm,Yes,"William, Madison",Claudia text,341
5/26/25,7am-8am,No,Stephanie,Stephanie and Daniel text,342
2/15/24,2pm-4pm,Yes,"Anthony, Rose",Rose and Jason text,343
2/12/24,11am-1pm,No,"Cynthia, Nicole, Michael",Kenneth text,344
6/23/25,2pm-4pm,Yes,Thomas,William text,345
9/28/25,4pm-4pm,Yes,Michelle,Victor text,346
6/28/24,4pm-4pm,No,Julie,David and Dana? text,347
6/25/25,10am-12pm,No,"Matthew, Melinda",Samantha? text,348
1/17/25,4pm-6pm,Yes,"Tony, Kathryn, Ashley",Michael text,349
6/1/24,9am-10am,Yes,Theresa,Theresa text,350
11/20/23,9am-10am,No,"Helen, Ashley",Michael text,351
4/22/25-4/24/25,10am-11am,Yes,"Cassandra, Anthony",Anthony and Cassandra text,352
12/31/24,2pm-3pm,Yes,Maria,Michael? and Maria text,353
1/29/24,6pm-7pm,No,"Morgan, Erik",Ruth and Morgan text,354
5/6/24,4pm-4pm,Yes,"Lisa, Caitlin",Cole text,355
4/22/24,4pm-6pm,No,"Bridget, Ronnie",Julie text,356
2/1/25,3pm-5pm,Yes,"Meagan, Donald",Shannon and Donald text,357
8/13/24,6pm-7pm,Yes,Rachel,Rachel text,358
12/3/24,1pm-2pm,Yes,Kent,Kent text,359
2/13/25-2/15/25,7am-9am,No,"Donna, Jorge, Thomas",Daniel and Donna text,360
6/11/25,7am-7am,No,Lisa,Cole text,361
5/20/24-5/22/24,11am-12pm,Yes,"Samantha, Lauren",Rachel text,362
10/13/24,3pm-5pm,No,"Jackie, Michelle",Victor and Jackie text,363
2/12/25-2/14/25,7pm-9pm,Yes,"Kathryn, John",Danielle and Rachel text,364
2/25/24-2/26/24,8pm-10pm,No,Amanda,Michael text,365
3/19/24-3/20/24,7am-8am,Yes,"Curtis, Paula",Donna text,366
5/11/24-5/12/24,4pm-5pm,No,"Bridget, Julie, Samantha",David and Bridget text,367
7/10/25,11am-12pm,Yes,"Destiny, Jeffrey, Ronnie",Todd and Donna text,368
10/14/24-10/15/24,5pm-6pm,Yes,"Thomas, Regina",William and Regina text,369
2/7/25,4pm-6pm,No,William,William text,370
11/22/23,7pm-8pm,No,Michael,Michael text,371
11/3/23-11/4/23,2pm-3pm,No,Julie,David text,372
5/13/24,4pm-4pm,Yes,Deborah,Deborah text,373
12/29/23,8am-9am,No,"Keith, Ronnie, Lisa",Cole text,374
10/6/25-10/7/25,10am-10am,No,Tony,Samantha text,375
7/17/25,8am-10am,Yes,"Cynthia, Anthony",Claudia and Kenneth text,376
10/18/24,8pm-10pm,No,"Erik, Heather",Ruth and Curtis text,377
11/25/24,12pm-1pm,Yes,"Darren, Jeffrey, Brittany",Darren and Brittany text,378
3/29/25,3pm-4pm,Yes,"Tyler, John",Rachel text,379
7/6/25,6pm-8pm,No,"Curtis, Anthony",Curtis and Anthony text,380
12/15/23-12/17/23,3pm-4pm,No,Sarah,Sarah text,381
11/26/24,12pm-2pm,No,"Kathy, Justin",Elizabeth text,382
2/29/24-3/1/24,7pm-9pm,No,"Lisa, Cynthia, Sandra",Cole and Kenneth text,383
3/23/24-3/24/24,7am-9am,Yes,"Kathleen, Cole, Kathryn",Danielle text,384
6/27/25,6pm-8pm,Yes,"Curtis, Marie, Michael",Rachel and Michael text,385
3/31/24,6am-7am,Yes,"Cole, Jose, Tom",Tom text,386
3/30/25-3/31/25,6pm-8pm,No,"Rachel, Louis",Rachel text,387
11/15/23,7pm-8pm,No,Seth,Darlene text,388
3/24/24,6pm-8pm,Yes,John,Rachel and David? text,389
5/30/25,4pm-6pm,No,"Margaret, Michael",Michael and John text,390
12/31/24,8pm-10pm,Yes,Allen,Allen text,391
8/28/25-8/29/25,9am-10am,Yes,"Sandra, Autumn",Autumn and Samantha text,392
4/27/24-4/29/24,11am-12pm,No,"Edward, Tanya",Tanya and Claudia? text,393
9/14/25,1pm-3pm,No,Alexander,Alexander text,394
8/2/24,6am-7am,Yes,"Victor, Jennifer",Jennifer text,395
5/7/24,7am-9am,No,Desiree,Autumn text,396
4/3/25,12pm-12pm,No,"Crystal, Carlos",James and Crystal text,397
7/5/24-7/6/24,10am-12pm,Yes,"Michelle, Michael, Lisa",Michael text,398
1/17/25,7pm-8pm,Yes,,Rachel text,399
10/29/23,1pm-3pm,No,William,William text,400
8/30/24,8am-9am,Yes,"Steve, Jennifer, Michael",Michael and Steve text,401
2/4/24-2/6/24,5pm-6pm,Yes,"Diane, Deborah, Matthew",Diane and Deborah text,402
4/4/24,11am-1pm,No,"Anthony, Michele",Anthony text,403
1/13/24,9am-9am,Yes,"Sandra, Daniel",Samantha and Daniel text,404
12/31/24-1/2/25,9am-11am,No,"Luis, Lisa",Kendra and Cole text,405
8/17/24-8/18/24,2pm-3pm,No,"Andrew, Robert",Deborah and Michael text,406
1/1/25-1/2/25,1pm-3pm,Yes,"Rachel, Sandra, Amanda",Rachel and Amanda text,407
9/10/24,6pm-7pm,Yes,"Ronnie, Michael, Jeffrey",Jeffrey and Julie text,408
1/18/24-1/19/24,7pm-8pm,No,Cynthia,Kenneth text,409
5/22/24-5/23/24,8pm-9pm,No,Nicole,Deborah text,410
11/15/23-11/17/23,1pm-3pm,Yes,"Anthony, Jennifer",David text,411
6/25/25,8pm-10pm,No,"Rachel, Amanda",Brian and Rachel text,412
1/24/24-1/25/24,6am-9am,No,"Carolyn, Sandra, John",Kelly text,413
7/20/25,7am-9am,Yes,Calvin,Calvin text,414
2/4/24,4pm-5pm,No,"Kathleen, Ann, Brian",Ann and Brian text,415
11/24/24-11/25/24,8am-9am,No,Lauren,Rachel text,416
9/21/24,1pm-3pm,Yes,"Eric, Donna, Cassandra",Cassandra text,417
9/27/25-9/29/25,6pm-7pm,Yes,"Linda, Mary",David text,418
8/21/24,11am-12pm,No,"Paul, Pamela",Rachel text,419
9/14/24,11am-1pm,Yes,,Kenneth? text,420
4/4/24-4/6/24,7am-8am,Yes,"Cody, Cynthia",Rachel text,421
5/15/24,8pm-10pm,Yes,"Nicole, Ronnie, Joshua",Julie and Deborah text,422
11/20/24,2pm-3pm,Yes,Julie,Julie text,423
9/19/24,8am-9am,No,"Diane, Amber",Diane and Amber text,424
4/30/25,7pm-7pm,Yes,Bridget,Bridget text,425
9/29/24,8pm-9pm,No,"Kristen, Robert, Sheila",Michael and Kristen text,426
9/30/24,7am-8am,No,Vanessa,Vanessa text,427
7/23/24-7/25/24,10am-11am,Yes,Mary,Mary text,428
6/10/24,1pm-2pm,Yes,"Deborah, Curtis",Deborah and Curtis text,429
12/20/23,11am-1pm,No,"Stephanie, Corey",Corey text,430
9/8/24-9/9/24,8am-10am,Yes,Scott,Mary text,431
7/22/24,8am-8am,No,"Tony, Brian, Anthony",Samantha text,432
1/2/24,10am-12pm,No,"Jorge, Renee, Paula",Donna and Michael text,433
5/20/24,6pm-7pm,Yes,"Harry, Carl, Maria",Donald text,434
10/7/25,9am-10am,Yes,Seth,Darlene text,435
1/4/24-1/5/24,12pm-2pm,Yes,"Rachel, Cynthia",Kenneth text,436
6/8/25,12pm-1pm,No,Michele,Michele text,437
8/4/25,2pm-2pm,Yes,"Mary, Mary",Mary and Mary text,438
8/21/24,8am-9am,No,"Philip, Robert, Carolyn",Michael and Brian text,439
3/21/24,12pm-3pm,No,"Jason, Caitlin",Courtney? text,440
4/25/25,7am-9am,No,Cynthia,Kenneth text,441
2/20/25,8am-9am,Yes,Monica,Shawn text,442
11/7/24-11/8/24,2pm-4pm,Yes,"Erik, Frederick",Frederick text,443
7/23/25-7/24/25,12pm-12pm,Yes,"Bridget, Jonathan",Jonathan and Bridget text,444
8/12/24,6pm-7pm,No,Joe,Joe text,445
4/4/25-4/5/25,7am-9am,Yes,"William, Rose",William text,446
9/20/24-9/22/24,7pm-9pm,Yes,"Thomas, Ronald",William text,447
3/10/24-3/11/24,12pm-1pm,No,"Kendra, Sandra",Kendra text,448
1/29/24,1pm-2pm,No,Brandi,Brandi text,449
3/3/25,8am-9am,Yes,Matthew,Anthony text,450
6/25/24,6am-7am,No,,Julie? text,451
12/15/24,6am-8am,No,"Joseph, Renee, Justin",Michael and Justin text,452
12/4/23,7pm-9pm,Yes,"Michael, Matthew",Samantha text,453
5/10/24-5/11/24,8pm-8pm,No,Donald,Donald text,454
2/2/24-2/4/24,8pm-11pm,Yes,"Nicole, Stephanie",Deborah text,455
10/26/23,7pm-8pm,No,Steven,Jeffrey text,456
12/10/23,8pm-10pm,Yes,Shawn,Shawn text,457
10/10/25-10/11/25,6am-8am,Yes,"David, Renee",Michael text,458
4/20/24,8am-9am,No,Victor,Deborah text,459
11/2/24-11/4/24,1pm-2pm,No,"Rose, Ann, Michael",Rose and Michael text,460
1/24/24,7pm-9pm,Yes,Patricia,Michael text,461
5/8/25,11am-1pm,Yes,Molly,Jason text,462
1/23/24,3pm-4pm,No,Daniel,Daniel text,463
5/21/25,10am-11am,Yes,,John text,464
5/17/24-5/18/24,1pm-3pm,No,"Michael, Jeffrey, Vanessa",Vanessa and Michael text,465
12/9/23,8pm-9pm,Yes,John,Rachel text,466
3/25/25-3/27/25,8am-10am,Yes,Kenneth,Kenneth text,467
2/25/25,8pm-9pm,Yes,"Kenneth, Paul, Samuel",Deborah text,468
9/15/24,4pm-6pm,No,Jessica,Julie text,469
9/17/24-9/18/24,8am-9am,Yes,Nicole,Kaitlin? text,470
10/25/23,6am-7am,No,"Keith, Shannon",Cole text,471
4/28/24,5pm-6pm,No,"Andrea, David, Kaitlin",Andrea and David text,472
4/23/24-4/25/24,3pm-4pm,Yes,"Andrew, Jonathan, Samuel",Deborah and Samantha text,473
3/30/25,10am-12pm,Yes,,Donald? text,474
9/24/24,9am-11am,Yes,"Matthew, Amanda, David",Amanda text,475
1/31/24,6pm-8pm,No,"Lisa, Nicole",Deborah and Cole text,476
7/31/25,12pm-1pm,No,"Donna, Christopher, Jason",Donna text,477
7/10/24-7/12/24,9am-10am,Yes,Vanessa,Vanessa text,478
5/29/24,8am-10am,No,"Sandra, Andrea, Joshua",Harry text,479
12/22/24-12/24/24,1pm-3pm,Yes,"Mary, Kathleen",Kathleen and Mary text,480
12/27/23,6am-8am,Yes,"Angel, Ronnie",Julie text,481
10/2/24,8am-11am,Yes,"Kelly, Ann, Regina",Ann and Kelly text,482
3/3/24-3/5/24,6pm-7pm,No,"Sandra, Tammy, Mark",Samantha text,483
9/4/25,4pm-6pm,No,"Helen, Janice, Anthony",Janice and Anthony text,484
4/20/25-4/21/25,11am-12pm,No,"Maria, Philip, Michael",Brian text,485
3/1/25,5pm-5pm,No,"Thomas, Sandra",Samantha text,486
1/31/24-2/2/24,11am-12pm,No,William,William text,487
6/23/24,7am-9am,Yes,"Alexander, Robert",Michael text,488
2/15/25,11am-12pm,No,"Adam, Kendra",Cody text,489
8/16/25,2pm-4pm,Yes,Ronnie,Julie text,490
8/14/25,3pm-5pm,Yes,"Cassandra, Nicole, Dylan",Deborah and Cassandra text,491
9/8/25,2pm-3pm,No,"Bridget, Ronnie",Bridget and Dale text,492
2/25/25,12pm-1pm,No,Robert,Michael text,493
11/4/24-11/6/24,9am-9am,Yes,Rachel,Rachel text,494
3/27/24-3/28/24,12pm-2pm,No,Paul,Rachel text,495
6/25/24,8am-9am,No,Joseph,Victor? and Joseph text,496
5/2/25-5/3/25,12pm-2pm,No,Patricia,Michael text,497
5/30/24,6pm-6pm,Yes,"Nicholas, Joseph",Joseph and Nicholas text,498
4/2/24,6pm-8pm,Yes,"Amanda, Kathryn",Danielle and Michael text,499
4/19/24,10am-12pm,No,"Franklin, Erik, William",William and Ruth text,500
11/10/23,5pm-6pm,No,"Dylan, Stephen, Renee",David and Maria text,501
12/30/24,7pm-8pm,Yes,Julie,David text,502
6/20/24,2pm-3pm,Yes,Ashley,Michael text,503
6/25/25,8am-9am,Yes,"Randall, William",Hunter text,504
9/3/24,6am-8am,No,Samantha,Samantha text,505
3/11/25,4pm-5pm,Yes,Cole,Cole text,506
9/24/24,1pm-2pm,No,Maria,Donald text,507
8/3/24,7am-7am,Yes,"Jason, Matthew",Anthony text,508
2/7/24-2/8/24,4pm-5pm,Yes,Jeff,Michael text,509
9/6/24,8am-9am,Yes,"Melissa, Victor, Michael",Michael text,510
8/9/24-8/11/24,4pm-6pm,Yes,"Anthony, Victor, Kristen",Kristen text,511
4/29/25,3pm-4pm,Yes,Christopher,Kelly? text,512
10/25/23,10am-10am,Yes,Eric,Jason text,513
10/15/25-10/17/25,4pm-6pm,Yes,Rachel,Rachel text,514
12/13/24-12/14/24,5pm-7pm,No,"Donald, Ashley, Malik",Malik and Michael text,515
7/3/24-7/4/24,3pm-4pm,No,"Kelly, Sandra, Alejandro",Alejandro and Samantha text,516
4/13/24,10am-11am,Yes,"Deborah, Caitlin, Victor",William and Deborah text,517
2/19/25,7am-9am,Yes,Donald,Donald text,518
2/15/25-2/16/25,11am-12pm,Yes,"Ronnie, Tammy, Jody",Julie text,519
10/20/23-10/22/23,7pm-8pm,Yes,"Sandra, Rachel",Samantha and Rachel text,520
12/22/24,5pm-5pm,Yes,John,Rachel and Michele? text,521
5/19/24-5/20/24,2pm-2pm,Yes,Ryan,Deborah text,522
3/17/24,12pm-2pm,No,"Christopher, Jennifer",David text,523
6/5/24,8am-10am,No,"Darlene, Mary",Darlene text,524
9/3/24,6am-7am,Yes,"Michael, Michael",Samantha text,525
4/22/24,12pm-1pm,No,"Angela, Stacy, Matthew",Angela and Matthew text,526
6/5/24,6pm-6pm,No,"David, Daniel",Daniel text,527
7/12/25,12pm-3pm,No,Cole,Cole text,528
1/3/24,1pm-3pm,No,"Ronnie, Meagan",Shannon text,529
10/20/24,1pm-1pm,Yes,"David, Anthony",Anthony and Bridget text,530
12/17/23-12/18/23,1pm-3pm,No,"Kathy, Matthew",Elizabeth and Matthew text,531
12/18/23,11am-12pm,Yes,"Jeffrey, Brian",Jeffrey text,532
5/1/25-5/2/25,7am-8am,No,Steven,Jeffrey text,533
4/12/24,6pm-8pm,Yes,"Victor, Mark",Victor text,534
12/21/23-12/23/23,5pm-6pm,No,"Maria, Curtis, Jason",Danielle and Curtis text,535
7/21/24,8am-9am,No,Cassandra,Cassandra text,536
4/5/24-4/7/24,1pm-2pm,Yes,,Deborah text,537
12/12/23-12/14/23,5pm-6pm,No,"Kenneth, Paula",Christopher? and Paula text,538
4/11/24,6am-8am,No,"Dan, Cody, Jeffrey",Dan and Jeffrey text,539
4/21/25,12pm-1pm,Yes,"Mary, Elizabeth",Mary text,540
6/14/25,11am-12pm,Yes,"Shawn, David, Malik",Bridget text,541
6/10/24,6am-8am,No,"William, Edward",William text,542
11/9/24,7am-9am,Yes,Daniel,Daniel text,543
8/27/24,8pm-10pm,Yes,"Stacey, Deborah, Christopher",Deborah text,544
8/21/25,4pm-6pm,No,"Matthew, Steven",Matthew and Jeffrey text,545
3/4/25-3/6/25,3pm-5pm,No,Kendra,Kendra text,546
1/5/25-1/6/25,2pm-5pm,No,Brian,Brian text,547
4/7/24-4/8/24,6pm-7pm,No,Matthew,Anthony text,548
11/21/23-11/23/23,5pm-7pm,No,Vernon,Vernon text,549
7/12/24-7/13/24,7pm-9pm,No,,Matthew? text,550
4/13/25,2pm-3pm,No,Renee,Michael text,551
1/26/24,8am-11am,Yes,"Andrew, Sheila",Sheila text,552
10/4/24-10/6/24,3pm-5pm,No,"Donald, Eric",Jason and Donald text,553
12/17/23,3pm-4pm,Yes,Renee,Michael text,554
9/15/24-9/17/24,8pm-10pm,Yes,Rachel,Nicholas? text,555
8/22/24,6am-8am,Yes,"Tommy, Jorge",Daniel text,556
12/25/23,6am-7am,No,Mark,Mary text,557
1/30/25,1pm-3pm,No,Bridget,Bridget text,558
7/10/24-7/12/24,6am-7am,No,"Bridget, Brooke, Cassandra",Bridget text,559
6/16/24,12pm-12pm,No,"Sandra, Joseph",Deborah and Samantha text,560
1/14/24,8am-10am,No,"Travis, Andrea, Ronald",Claudia and Andrea text,561
12/28/23-12/29/23,10am-12pm,Yes,Lisa,Cole text,562
9/26/24,11am-12pm,No,,Frederick text,563
2/14/25,11am-12pm,Yes,Christopher,Christopher text,564
9/23/24,2pm-3pm,No,"Cole, Julie, Jessica",Julie and Cole text,565
7/27/24-7/29/24,12pm-1pm,No,Anthony,Anthony text,566
9/27/24,7am-8am,No,"Brooke, Cody",Cody text,567
10/12/24-10/13/24,5pm-7pm,Yes,"Lauren, Renee",Michael and Lauren text,568
9/14/24,8pm-9pm,Yes,,Melissa text,569
5/30/24-5/31/24,4pm-6pm,No,"Kathryn, Madison",Claudia text,570
6/3/24,3pm-4pm,Yes,Daniel,Kenneth text,571
11/11/24,11am-1pm,No,"Curtis, John, Franklin",Franklin and Rachel text,572
2/19/24,6am-7am,Yes,William,William text,573
10/5/25,10am-12pm,Yes,"Rachel, Christopher",Rachel and Christopher text,574
11/19/23,1pm-3pm,Yes,"Alejandro, Jorge",Daniel text,575
1/2/25-1/3/25,4pm-5pm,No,Eric,Jason text,576
4/18/24-4/20/24,12pm-2pm,No,Robert,Michael text,577
1/17/24-1/19/24,6am-8am,No,"Cynthia, Jay, Jackie",Jackie and Tyler text,578
2/29/24,7am-9am,No,"Philip, Brian",Brian text,579
2/19/25,9am-11am,Yes,"Kelly, Patricia, Cole",Cole and Kelly text,580
2/8/25-2/10/25,4pm-5pm,No,Margaret,John text,581
10/30/24,9am-10am,Yes,Carolyn,Kelly text,582
9/27/25,6pm-8pm,Yes,Natasha,Natasha text,583
10/1/25,7am-9am,No,"Brian, Sandra",Bridget? and Samantha text,584
3/22/25,4pm-5pm,Yes,Paula,Donna text,585
8/6/25,1pm-2pm,Yes,"Sheryl, Anthony",Anthony text,586
4/13/25-4/15/25,5pm-6pm,No,Dylan,Maria text,587
9/10/25,6pm-8pm,Yes,Helen,Michael text,588
7/6/25,12pm-1pm,Yes,"Christopher, Kathleen",Kathleen text,589
2/26/24-2/27/24,6am-7am,No,Mary,Mary text,590
10/27/24,7pm-8pm,No,Jason,Jason text,591
1/23/24,6pm-7pm,Yes,Carl,Carl text,592
10/5/24,2pm-3pm,No,"Nicole, Denise",Deborah text,593
12/16/24-12/17/24,6pm-8pm,Yes,"Miguel, Diana, Ronnie",Miguel and Julie text,594
12/9/24-12/10/24,6pm-9pm,No,"Anthony, Kathryn",Anthony and Danielle text,595
12/6/24,8pm-10pm,Yes,"Donna, Nicole",Deborah text,596
8/6/24-8/8/24,1pm-3pm,No,"Jennifer, Sandra",David and Samantha text,597
2/29/24-3/1/24,6pm-9pm,Yes,Brooke,Brooke text,598
12/22/24-12/24/24,8am-9am,Yes,Carolyn,Julie? and Kelly text,599
1/21/24,11am-11am,Yes,"Tammy, Deborah",Deborah and William text,600
1/21/24,5pm-7pm,No,"John, Jonathan, Angel",Angel text,601
8/1/24,10am-11am,Yes,"Angela, Cynthia",Angela text,602
12/12/23,4pm-5pm,No,"Caitlin, David, Sara",Sara text,603
11/17/23,6am-6am,Yes,"Melissa, Heather, Anita",Melissa and Theresa text,604
2/28/24,2pm-4pm,No,Philip,Brian text,605
12/13/23-12/15/23,8pm-9pm,No,"Michele, Stephanie",Stephanie text,606
1/12/24,11am-12pm,Yes,"Joseph, Joshua, Amanda",Harry text,607
3/11/24,3pm-5pm,No,Matthew,Anthony text,608
4/2/24-4/3/24,3pm-3pm,Yes,"Kenneth, Shawn, Harry",Shawn text,609
1/30/24,3pm-4pm,No,"Alejandro, Kristopher",Kristopher text,610
11/12/24-11/13/24,10am-11am,Yes,Donna,Deborah? and Donna text,611
9/28/24,2pm-4pm,No,"Christopher, Erik, Ronnie",Julie text,612
3/7/24,6am-7am,No,Michael,Samantha text,613
11/1/24-11/3/24,5pm-7pm,No,"Ronnie, Carolyn",Kelly text,614
5/17/24-5/19/24,8am-9am,No,"George, Alejandro",Alejandro and George text,615
9/13/25,5pm-6pm,No,"Victor, Elizabeth",Elizabeth and Deborah text,616
3/4/25,8am-10am,No,Matthew,Matthew text,617
11/10/23,8am-9am,Yes,Calvin,Calvin text,618
10/18/24,3pm-4pm,Yes,"Ashley, Cole",Cole text,619
1/15/25-1/17/25,5pm-5pm,No,"Donna, Michael, William",Donna text,620
1/15/24,11am-1pm,No,Dylan,Maria text,621
7/29/25-7/30/25,11am-1pm,No,"Michael, Andrew",Sheila? and Michael text,622
1/2/24,8am-10am,No,"Sandra, Amy",Samantha text,623
8/28/24-8/29/24,3pm-5pm,Yes,David,David text,624
7/5/25-7/7/25,8pm-10pm,No,"Zachary, Tanya, Philip",Tanya text,625
6/2/24,6am-8am,Yes,"Caitlin, Donna",Donna text,626
11/29/24,11am-1pm,Yes,"Sarah, Rachel, Cynthia",Rachel and Sarah text,627
2/17/25,11am-12pm,No,Jason,Anthony text,628
5/8/24,5pm-7pm,Yes,Helen,Michael text,629
7/4/25,5pm-6pm,Yes,"David, Jonathan",Samantha and David text,630
3/9/25,11am-11am,Yes,"Stephanie, Ronnie",Julie text,631
3/23/24,10am-10am,No,Stephen,David text,632
5/31/25,5pm-6pm,No,Tommy,Tommy text,633
2/13/24-2/14/24,1pm-2pm,Yes,"Brandi, Jorge",Stephanie? text,634
5/14/25-5/16/25,8pm-10pm,Yes,Jennifer,Kenneth text,635
1/20/24,8pm-9pm,No,Cynthia,Kenneth text,636
3/3/25,10am-12pm,No,William,William text,637
10/28/23-10/30/23,5pm-6pm,No,"Cynthia, Andrew, Nicholas",Andrew and Kenneth text,638
3/16/24,6pm-8pm,No,Shannon,Cole text,639
8/8/25-8/9/25,8am-9am,No,"Paula, Nicole",Cole text,640
1/6/25,9am-10am,Yes,Shannon,Cole text,641
3/23/24,2pm-2pm,No,"Claudia, Michelle",Michelle text,642
5/28/24,7pm-9pm,Yes,"Cole, Anthony",Cole text,643
1/11/25,6pm-7pm,Yes,"Carlos, Kyle",Rachel and James text,644
7/25/24,10am-12pm,Yes,Meagan,Shannon text,645
11/30/24,6am-6am,No,William,William text,646
1/23/24-1/24/24,1pm-2pm,No,Kaitlin,Kaitlin text,647
3/24/25-3/26/25,9am-11am,Yes,,Kathleen text,648
9/27/24,9am-12pm,No,,Matthew? text,649
2/11/25-2/12/25,7pm-8pm,No,"Aaron, Benjamin, Ruth",Aaron text,650
6/13/24-6/15/24,6am-7am,No,"Kristopher, Renee, Joseph",Joseph text,651
9/8/24,3pm-5pm,Yes,"Kimberly, Jessica",Julie text,652
9/16/24,7pm-9pm,No,"Jody, William, Lauren",Rachel text,653
4/10/24,7am-9am,No,Julie,David and George? text,654
7/24/24,9am-10am,Yes,"Maria, Jennifer",Jennifer text,655
8/11/24,11am-12pm,Yes,Michael,Michael text,656
8/28/24,6am-8am,No,"Lisa, Sarah, Jay",Cole and Tyler text,657
11/19/24,10am-11am,No,"Andrea, David",Melissa and David text,658
3/19/24-3/20/24,10am-12pm,Yes,"Eric, Melissa",Jason and Cole text,659
8/17/24,8am-8am,No,"Jose, Kathryn, Sheila",Danielle and Grace text,660
6/11/24,4pm-4pm,Yes,Philip,Brian text,661
3/24/25,8pm-9pm,No,,Kelly? text,662
11/6/23,11am-1pm,Yes,"Renee, Michael",Michael text,663
10/3/25-10/5/25,6am-7am,Yes,"Cole, Jeffrey, Shannon",Cole and Cole text,664
2/21/24-2/23/24,8pm-10pm,No,"Olivia, Mary",Jason text,665
8/8/24,4pm-4pm,Yes,"Kristopher, Diane, Kelly",Kristopher and Matthew text,666
10/1/24-10/3/24,10am-12pm,Yes,"Amanda, Tony",Amanda and Matthew text,667
9/5/24-9/6/24,6am-8am,Yes,"Daniel, Catherine",Daniel text,668
5/31/25,2pm-3pm,No,"Tony, Rachel, Shannon",Rachel text,669
8/3/25,2pm-4pm,Yes,,Lauren? text,670
7/23/24-7/24/24,11am-1pm,Yes,"Joseph, Michael",Michael text,671
2/21/25-2/23/25,1pm-1pm,Yes,Robert,Michael text,672
9/26/25,3pm-4pm,Yes,"Anthony, Lisa, Eric",Anthony and Cole text,673
11/23/23,12pm-1pm,No,"John, John, Rachel",Rachel and John text,674
9/22/24,4pm-6pm,No,"Keith, Mark",Mark and Keith text,675
5/4/25,6am-7am,No,"Catherine, Joseph, Vanessa",Catherine and Vanessa text,676
6/12/25,8am-10am,No,"Julie, Meghan",David and Meghan text,677
9/26/25,8am-8am,Yes,"Bridget, Angel",Angel text,678
7/19/25,5pm-7pm,Yes,Joshua,Harry text,679
6/24/25,5pm-5pm,Yes,Christy,Rebecca text,680
3/5/25-3/7/25,3pm-5pm,No,"Anthony, Anthony, Donna",Anthony and Donna text,681
1/27/24-1/29/24,5pm-7pm,Yes,April,Shannon text,682
12/8/23,2pm-3pm,No,"Pamela, David",Pamela text,683
3/6/25,8pm-10pm,Yes,Shannon,Cole text,684
7/8/24,8pm-8pm,Yes,Nicole,Deborah text,685
3/17/24,12pm-1pm,Yes,"Tammy, Cole",William text,686
5/21/25-5/23/25,8am-10am,No,Jacqueline,Jacqueline and Shannon text,687
8/16/25-8/18/25,5pm-6pm,Yes,"Jorge, Erik",Ruth and Daniel text,688
10/24/23-10/26/23,4pm-6pm,No,Kristopher,Kristopher text,689
12/11/24-12/13/24,6pm-6pm,No,"Philip, Margaret",John and David text,690
9/5/24,12pm-12pm,No,"Paula, Tammy",Donna and William text,691
4/12/24,8am-9am,Yes,"Travis, Andrea, Sara",Sara and Claudia text,692
3/18/24,3pm-4pm,No,"Christopher, Chad",Christopher and Chad text,693
10/2/24-10/3/24,5pm-5pm,No,"Ronnie, Jonathan, Alyssa",Alyssa and Samantha text,694
10/22/23,1pm-2pm,Yes,"Cynthia, Cole",Kenneth text,695
10/10/24,8pm-10pm,Yes,"Renee, Christopher, Joshua",Harry text,696
4/2/25,9am-10am,Yes,"Matthew, Eric, Sue",Matthew text,697
10/21/23-10/22/23,6pm-8pm,No,Jeffrey,Jeffrey text,698
10/18/23,7am-9am,No,"Erik, Angel",Ruth text,699
9/28/24,10am-12pm,No,"Justin, Jason, Tammy",Justin text,700
5/7/25,10am-12pm,No,"Stacy, Lauren, Steven",Jeffrey text,701
9/28/24-9/29/24,3pm-5pm,Yes,"Nicole, Cynthia",Kenneth and Deborah text,702
3/23/25,10am-12pm,Yes,"Victor, Matthew",Deborah and Matthew text,703
5/14/25,6pm-7pm,No,"Cassandra, Kathleen",Cassandra text,704
8/20/25,12pm-2pm,Yes,Cynthia,Kenneth text,705
5/20/24,7am-9am,No,"Carl, Curtis",Carl text,706
3/4/25-3/5/25,6am-7am,Yes,"Maria, Sheila, Adam",Cody text,707
3/10/24,3pm-5pm,No,Brandon,Christopher text,708
5/14/25,9am-10am,Yes,Thomas,William text,709
2/25/24-2/27/24,7am-8am,Yes,Christopher,Anthony and Christopher text,710
10/17/23-10/19/23,11am-12pm,No,Alexander,Alexander text,711
6/4/25,12pm-1pm,Yes,,David? text,712
9/23/25,6pm-8pm,No,"Jason, Seth, Caitlin",Darlene and William text,713
6/28/24-6/30/24,6pm-8pm,Yes,"Cassandra, Diane",Matthew and Cassandra text,714
7/14/24,5pm-6pm,Yes,"Donna, William, Ann",Ann and Donna text,715
11/29/23-11/30/23,3pm-4pm,No,"Kristen, Deborah, Julie",Kristen and David text,716
5/15/24-5/16/24,2pm-3pm,No,Kathleen,Kathleen text,717
7/23/24,4pm-5pm,No,"Stephanie, Kathryn",Michael text,718
7/29/25,2pm-4pm,No,"Cynthia, Alejandro",Alejandro and Kenneth text,719
12/19/23,10am-12pm,Yes,"Anthony, Destiny, Devin",Devin text,720
9/12/25,9am-9am,No,"Edward, Kathleen",Kathleen text,721
4/3/24,12pm-2pm,Yes,Malik,Malik text,722
11/20/23-11/22/23,6pm-8pm,Yes,"Steven, Kathleen",Jeffrey and Kathleen text,723
8/30/24-9/1/24,10am-12pm,Yes,,Sheila? text,724
1/13/24,2pm-3pm,Yes,"Jorge, Deborah",Deborah and Daniel text,725
10/30/23,8am-9am,Yes,"April, Michael, Matthew",Shannon and Samantha text,726
3/14/25,9am-9am,No,"Rachel, Adam",Cody text,727
10/1/24-10/3/24,11am-12pm,No,Rachel,Rachel text,728
1/28/24,8am-10am,No,"Jesse, Alejandro",Alejandro text,729
2/26/24,8pm-10pm,Yes,"Erika, Christopher",Melinda text,730
6/27/24,3pm-4pm,Yes,Joe,Joe text,731
3/11/24-3/13/24,7am-9am,Yes,"Sandra, Mia",Donald? text,732
6/29/24,11am-1pm,Yes,Renee,Michael text,733
5/13/24,9am-10am,Yes,"Elizabeth, Nicole, Julie",Kathleen text,734
4/1/25,6pm-7pm,No,"Andrew, Robert, Claudia",Michael text,735
11/29/24-12/1/24,8pm-9pm,Yes,"Sandra, Andrew",Samantha and Deborah text,736
6/3/24,5pm-7pm,Yes,"Judith, Jonathan, Christopher",Jonathan and Judith text,737
2/9/25,9am-11am,No,"Jeff, April",Michael and Shannon text,738
12/25/24-12/26/24,9am-10am,Yes,"Jonathan, Harry",Harry text,739
9/17/24-9/19/24,6pm-7pm,No,Samantha,Samantha text,740
3/7/24-3/9/24,9am-11am,No,"Allen, Melissa, Brian",Melissa text,741
1/29/24,7pm-8pm,No,"Kathy, Scott",Elizabeth text,742
4/13/25,9am-10am,No,"Diane, Anthony",Anthony text,743
10/24/24,11am-1pm,No,"Tony, Kelsey",Samantha and Kelsey text,744
1/23/24,8am-10am,No,"Dylan, John",Rachel text,745
12/10/23-12/11/23,6am-7am,No,Alice,Alice text,746
11/25/24,5pm-6pm,Yes,Joshua,Harry text,747
4/21/24,6am-8am,No,"Jonathan, Corey",Corey text,748
8/17/24,8am-10am,Yes,"Rachel, Steven",Rachel and Jeffrey text,749
2/13/25-2/14/25,10am-11am,No,Rachel,Rachel text,750
6/10/25,5pm-7pm,No,Jordan,Jesus text,751
11/14/24,3pm-3pm,No,Maria,Donald text,752
1/7/24,11am-1pm,Yes,"Rachel, Cassandra, Angel",Rachel text,753
5/22/24-5/24/24,1pm-3pm,No,"Jonathan, Lisa",Jonathan text,754
1/28/25,6pm-8pm,No,"Patricia, Victor",Michael text,755
8/3/25-8/5/25,7am-8am,No,Jonathan,Samantha text,756
9/16/24,5pm-6pm,Yes,Brooke,Brooke text,757
12/15/23,6pm-7pm,Yes,"Matthew, Ronald",Matthew and Ronald text,758
2/21/24-2/22/24,8am-10am,Yes,"Christopher, Diane",Christopher text,759
2/24/24,3pm-5pm,Yes,"Elizabeth, Amanda",Amanda text,760
12/3/24,10am-12pm,Yes,"Ryan, Nicole",Deborah text,761
8/31/24,6pm-7pm,No,"Kevin, Sandra",Samantha text,762
8/28/24,7am-8am,Yes,Kathy,Anthony? text,763
8/11/25,8pm-9pm,No,,Rachel and Anthony text,764
4/29/24,4pm-6pm,Yes,,Deborah text,765
1/10/24,11am-1pm,No,"Deborah, Kathryn",Danielle and Deborah text,766
11/20/24,7am-9am,No,,Daniel? and Jason? text,767
10/9/24-10/11/24,2pm-3pm,No,Cheryl,Deborah text,768
7/8/25,11am-1pm,No,"Elizabeth, Sandra",Samantha and Elizabeth text,769
3/28/24,8am-10am,No,"Steven, Ann, Cynthia",Jeffrey text,770
7/17/24,10am-11am,Yes,Donna,Donna text,771
2/16/25,5pm-6pm,Yes,"Andrew, Larry",Deborah text,772
5/5/25,4pm-6pm,No,"Brandon, John",Rachel and Christopher text,773
12/9/24-12/11/24,7am-9am,No,"Bridget, Matthew",Bridget text,774
4/27/25,12pm-1pm,Yes,Nicole,Deborah text,775
10/28/23,8pm-9pm,Yes,"Kendra, Stephanie",Kendra text,776
10/19/24,3pm-5pm,No,,Ruth? text,777
2/11/25,6pm-8pm,No,Bradley,Terrance? and Calvin text,778
7/6/24-7/7/24,9am-11am,No,Adam,Cody text,779
1/19/25,2pm-3pm,No,"Kathy, Todd, Dylan",Maria text,780
9/30/24,11am-12pm,Yes,"Alejandro, Jeffrey",Alejandro text,781
3/8/25-3/10/25,6pm-6pm,Yes,"Randall, Justin, Bradley",Hunter text,782
9/25/24,12pm-1pm,Yes,Tammy,William text,783
11/24/23,5pm-6pm,Yes,"Philip, Mary",Mary text,784
6/6/25,8am-10am,No,"Mary, Deborah, Rachel",Rachel text,785
12/18/23,1pm-3pm,No,"Kathryn, Deborah, Nicole",Kathryn and Deborah text,786
12/20/23,11am-12pm,No,"Michael, Nicole",Deborah and Samantha text,787
5/12/25,7am-8am,No,"Daniel, Kenneth",Kenneth text,788
3/6/24-3/8/24,3pm-3pm,Yes,Kyle,Kyle text,789
12/2/24,5pm-7pm,Yes,"Michael, Kelly, Christopher",Michael text,790
7/26/25,8pm-9pm,Yes,"David, Anthony, Philip",David and Anthony text,791
5/11/25,12pm-1pm,No,Maria,Kenneth? text,792
12/11/23,5pm-7pm,No,"Cole, Michael",Samantha text,793
8/21/24,8am-10am,No,Jason,Danielle text,794
2/1/25,8pm-10pm,No,"Victor, Daniel",Deborah text,795
3/8/25,1pm-2pm,Yes,Thomas,William text,796
1/10/24-1/11/24,8am-10am,Yes,Maria,Donald text,797
7/25/24,1pm-4pm,No,"Joseph, Renee",Joseph and Michael text,798
7/12/25,9am-11am,No,John,Rachel text,799
9/20/25,6am-8am,Yes,,John? text,800
12/30/24-12/31/24,3pm-6pm,No,"Rachel, Nicholas, Calvin",Calvin text,801
1/25/25-1/27/25,9am-11am,Yes,"John, Adam",Rachel text,802
7/20/25,2pm-3pm,No,"Crystal, Sandra, Ronnie",Samantha and Crystal text,803
12/21/23,8am-9am,Yes,Eric,Jason text,804
9/19/24,1pm-2pm,Yes,"David, Helen",Michael and David text,805
11/28/24,11am-12pm,No,"Shannon, Bridget",Cole text,806
8/18/25,7pm-9pm,Yes,"Patricia, Amanda",Michael text,807
7/16/24,5pm-6pm,Yes,"John, Andrew",Rachel and Deborah text,808
12/12/23,5pm-6pm,No,Philip,Brian text,809
10/13/25-10/15/25,6pm-7pm,Yes,"Edward, Susan, Matthew",Rachel and Anthony text,810
4/4/24,6pm-7pm,No,Calvin,Calvin text,811
9/15/25,4pm-5pm,Yes,Stephanie,Stephanie text,812
7/10/25,6am-7am,Yes,Carlos,Carlos text,813
1/13/25,4pm-6pm,Yes,Lauren,Rachel text,814
2/25/25-2/26/25,11am-12pm,No,Jonathan,Jonathan text,815
3/14/25,8am-9am,No,,Mary? text,816
2/20/24,3pm-5pm,No,"Alejandro, Diana",Alejandro text,817
11/22/24,2pm-3pm,Yes,"Darlene, Jorge, Adam",Darlene and Daniel text,818
12/31/24,6am-8am,Yes,Erika,Melinda text,819
1/28/25-1/30/25,2pm-3pm,No,"Julie, Rachel",Angela? and Rachel text,820
1/1/24,6am-8am,Yes,"Sandra, Anna",Samantha and David? text,821
2/24/24,12pm-1pm,Yes,"Kathryn, Victor, Samuel",Victor text,822
2/20/25,7am-8am,No,Matthew,Matthew text,823
9/23/24,9am-9am,Yes,Kelly,Samantha and Jocelyn? text,824
9/27/24-9/29/24,9am-10am,Yes,"Sandra, Thomas, Justin",William and Samantha text,825
2/2/25-2/3/25,5pm-7pm,Yes,"Sandra, William, Michael",William text,826
3/9/24,12pm-1pm,No,Cole,Cole text,827
11/30/23,4pm-7pm,No,Jason,Jason text,828
3/23/25,5pm-6pm,No,"Matthew, Rachel, Tyler",Tyler and Matthew text,829
10/7/24,11am-1pm,No,"Christopher, John",Christopher and Rachel text,830
3/3/24,8am-11am,No,"Christopher, Alexander, Cody",Cassandra text,831
10/1/24,7am-8am,Yes,"Anna, David, Sarah",David text,832
11/24/23,6pm-8pm,No,"Michael, Brian, Joseph",Joseph text,833
1/7/24,10am-11am,No,"Angel, Erik",Ruth text,834
12/13/24,1pm-2pm,Yes,Angela,Angela text,835
5/15/25-5/17/25,2pm-3pm,Yes,Sheila,Sheila text,836
9/7/25-9/9/25,12pm-12pm,No,"April, Alexis, Sandra",Samantha and Shannon text,837
6/18/24,7am-9am,Yes,Adam,Cody text,838
8/15/25-8/17/25,6pm-8pm,No,"Margaret, William",John text,839
5/6/24-5/7/24,4pm-6pm,Yes,"Thomas, Kendra, Alejandro",William text,840
11/18/24-11/19/24,8am-9am,Yes,"Jessica, Todd",Julie and Todd text,841
8/18/25,6am-8am,No,"Melissa, Tammie",Tammie text,842
12/4/23,10am-11am,No,"Steven, Erik, Eric",Jason and Jeffrey text,843
11/6/24,8am-9am,Yes,"Darlene, Eric",Jason text,844
4/28/24,11am-12pm,No,"Jorge, Samantha",Michael? and Daniel text,845
10/9/25,7pm-9pm,Yes,Christopher,Christopher text,846
4/20/25-4/21/25,2pm-3pm,Yes,"Deborah, Robert",Michael text,847
9/18/25,6pm-8pm,Yes,"Kent, Cynthia",Victor? and Kenneth text,848
7/22/24,5pm-7pm,No,"Ronald, Michael, Cassandra",Cole text,849
1/17/24,1pm-3pm,Yes,"Jeffrey, Lisa",Cole and Jeffrey text,850
11/8/24,9am-12pm,No,Patricia,Michael text,851
1/6/25,2pm-4pm,Yes,"Billy, Theresa",Billy text,852
2/9/24,11am-11am,No,Brian,Brian text,853
7/29/25,2pm-4pm,Yes,Michael,Michael text,854
4/23/25-4/24/25,3pm-4pm,Yes,John,Rachel text,855
11/2/24-11/3/24,7pm-8pm,No,"David, Nicole",Bridget and Deborah text,856
10/23/23-10/25/23,7pm-8pm,No,"Julie, James, Ronnie",James text,857
3/21/25,3pm-4pm,Yes,Danielle,Deborah? text,858
7/23/25,7am-8am,Yes,John,Rachel text,859
8/13/25,6pm-8pm,No,"Jimmy, John",Rachel and Jimmy text,860
4/26/25-4/27/25,8am-10am,No,Michael,Michael text,861
12/14/24-12/16/24,1pm-1pm,Yes,"Ann, Shannon, Cassandra",Cole and Ann text,862
8/19/24-8/20/24,7am-8am,Yes,"Christopher, Maria, Kathy",Cassandra text,863
4/29/24,8am-10am,Yes,"Michelle, Christopher, Calvin",Victor and Christopher text,864
3/13/24-3/15/24,8pm-10pm,No,"Bridget, Cynthia, Jeff",Bridget and Kenneth text,865
9/27/24,7pm-9pm,No,Kathryn,Kathryn text,866
3/26/24-3/28/24,2pm-2pm,Yes,"Maria, Harry",Donna? and Donald text,867
6/23/24,4pm-5pm,No,Christopher,Christopher text,868
4/21/25,3pm-5pm,No,Jody,Jody and Michael? text,869
11/16/24,5pm-6pm,Yes,Tammy,William text,870
1/14/24,9am-10am,Yes,Alexander,Alexander text,871
9/2/24-9/3/24,5pm-7pm,Yes,Tony,Samantha and Brooke? text,872
9/26/24-9/27/24,9am-10am,Yes,"Nicole, Brian",Deborah and Brian text,873
7/27/24,8pm-8pm,No,"Christine, Sheila",Christine and Sheila text,874
1/9/24-1/11/24,5pm-6pm,No,John,David? and Rachel text,875
10/25/24,6pm-9pm,Yes,"Angel, Sandra",Samantha and Angel text,876
5/28/24-5/29/24,2pm-4pm,Yes,"Mary, Nicholas",Matthew text,877
4/4/24-4/6/24,6pm-7pm,Yes,Regina,Regina text,878
9/5/25,2pm-3pm,Yes,Lauren,Rachel text,879
3/1/25,6pm-8pm,Yes,Angela,Angela text,880
9/27/25-9/28/25,8am-9am,Yes,,Michael? text,881
3/19/25-3/21/25,3pm-5pm,No,"Jason, William",Jason text,882
2/16/24-2/17/24,3pm-4pm,Yes,Austin,Sarah text,883
3/5/24,6am-7am,Yes,"Heather, Anthony",Curtis text,884
8/4/25,4pm-6pm,Yes,Julie,David text,885
6/5/25,3pm-5pm,No,,Cole? text,886
2/12/24,3pm-4pm,Yes,"Donna, Amy",Donna text,887
8/10/24,8pm-10pm,No,Jeff,Michael text,888
1/20/24,2pm-4pm,Yes,Kenneth,Kenneth text,889
6/26/25-6/27/25,9am-11am,No,"Sandra, Nicholas, Julie",Nicholas and David text,890
11/5/23,4pm-5pm,Yes,"Jeffrey, Brandi, Todd",Brandi and Todd text,891
9/23/25,7am-8am,No,,Rachel? text,892
5/16/25,8pm-10pm,Yes,David,David text,893
5/6/24,10am-11am,Yes,Jeffrey,Jeffrey text,894
6/16/24,8pm-9pm,Yes,"Allison, David, Jeffrey",Rachel and David text,895
7/19/25,3pm-5pm,No,Cody,Cody text,896
1/18/25,9am-11am,No,"Tom, Julie",David and Tom text,897
12/7/24-12/8/24,11am-12pm,Yes,Bridget,Bridget text,898
4/30/25,6pm-7pm,No,Maria,Donald text,899
2/23/25-2/24/25,7pm-9pm,Yes,"Bridget, Matthew",Matthew text,900
12/13/24,4pm-5pm,No,"Melissa, Kenneth, Michael",Cole text,901
2/20/24,11am-1pm,Yes,"Kathryn, Jeffrey",Danielle and Jeffrey text,902
4/23/24,10am-12pm,Yes,Emily,Emily text,903
8/10/25-8/12/25,6pm-7pm,No,"Melissa, Nicole, Theresa",Deborah text,904
12/13/23,11am-1pm,Yes,"Paige, Julie, Kenneth",Kenneth text,905
3/29/24,9am-10am,No,"Melissa, Jody",Melissa and Jody text,906
4/7/25-4/8/25,1pm-2pm,Yes,Lisa,Darlene text,907
9/27/25,1pm-3pm,Yes,"Anthony, Jorge",Kenneth? text,908
9/23/25-9/24/25,9am-11am,No,Darlene,Darlene text,909
7/5/25,2pm-3pm,No,"Deborah, Danny",Deborah and Anthony? text,910
4/20/24-4/21/24,9am-11am,No,"Anthony, Michael",Michael and Anthony text,911
3/1/24,9am-11am,No,"Nicholas, Paula",Matthew text,912
9/1/24,12pm-1pm,No,Michael,Samantha text,913
5/17/25,9am-10am,No,"Cole, Jonathan",Jonathan and Cole text,914
5/23/25,8pm-10pm,Yes,Rachel,Jacqueline? and Dan? text,915
4/22/24-4/24/24,9am-10am,No,"Christopher, Matthew, Christopher",Cassandra and Christopher text,916
1/14/25,4pm-6pm,No,Amber,Amber text,917
5/21/25,5pm-7pm,No,Edward,Kristopher text,918
6/11/24-6/13/24,9am-10am,No,Ronnie,Julie text,919
7/15/25-7/17/25,11am-1pm,Yes,"Justin, Mary",William? text,920
5/9/24,8am-10am,Yes,"Shane, Curtis",Curtis text,921
8/11/25,11am-12pm,No,Lauren,Rachel text,922
9/14/24,8am-8am,No,"Tony, Steven",Samantha text,923
12/5/24,5pm-6pm,No,Adam,Cody text,924
5/2/25,7pm-8pm,No,"Kathy, Brooke",Elizabeth and Jeanne text,925
10/30/24-11/1/24,3pm-5pm,Yes,"Zachary, Keith",Keith text,926
2/28/24-3/1/24,7am-8am,Yes,Patrick,Nicholas text,927
12/2/24-12/4/24,3pm-4pm,No,Sandra,Samantha text,928
12/7/23,8am-11am,Yes,Danielle,Danielle text,929
4/22/24,7am-7am,Yes,"Frederick, Maria, John",Frederick text,930
11/15/24,9am-10am,Yes,"Ariana, Jimmy, Nicole",Deborah text,931
8/31/24-9/1/24,12pm-2pm,Yes,"Matthew, Jesus",Matthew text,932
3/27/24,7pm-8pm,Yes,"Ronnie, Kathleen",Julie and Kathleen text,933
4/12/25,2pm-2pm,Yes,Bridget,Harry and Bridget text,934
7/17/24-7/19/24,3pm-4pm,No,"William, Ronnie, Carlos",James text,935
6/12/24,1pm-1pm,No,"Anthony, Sheila, Anthony",Anthony text,936
4/9/24,11am-12pm,Yes,Sandra,Samantha text,937
11/12/24,12pm-2pm,No,"Morgan, Kathleen",Morgan and Dale text,938
11/8/23,12pm-1pm,No,"John, Maureen",Maureen text,939
12/29/23,7pm-8pm,No,,Cody? text,940
7/29/24-7/30/24,4pm-5pm,Yes,Brian,Brian text,941
1/3/25-1/5/25,6am-7am,No,Sue,Angela text,942
3/16/25,5pm-7pm,No,Deborah,Deborah text,943
9/24/24-9/26/24,4pm-4pm,No,Dan,Dan text,944
12/10/24-12/12/24,12pm-2pm,Yes,"Nicole, Kathryn",Danielle and Deborah text,945
2/18/25-2/20/25,7am-9am,Yes,Helen,Michael text,946
1/5/25,1pm-4pm,Yes,,Angel text,947
12/25/23,11am-11am,No,"Sandra, Rachel, Cynthia",Samantha text,948
9/15/24,2pm-5pm,No,Christopher,Christopher text,949
7/11/25,7pm-7pm,No,"Nicole, Edward, Julie",David and Kristopher text,950
3/19/25,1pm-3pm,Yes,Jeffrey,Jeffrey text,951
3/8/24,4pm-5pm,Yes,"Laura, Sandra",Laura and Samantha text,952
12/25/24,8pm-9pm,No,"Michael, Kelly, Mia",Kelly and Mia text,953
3/27/24-3/29/24,9am-11am,No,"Christopher, Paula, Lisa",Christopher and Cole text,954
4/11/24-4/12/24,2pm-3pm,No,"Michael, William, David",Michael and David text,955
9/17/25,8am-9am,Yes,"Theresa, Claudia",Claudia and Theresa text,956
4/2/24,10am-11am,Yes,"Anthony, Harry",Harry text,957
1/30/24-1/31/24,10am-10am,No,"Caitlin, Elizabeth",William text,958
5/20/25,4pm-5pm,Yes,Tammie,Tammie text,959
10/11/24-10/13/24,11am-1pm,No,Donna,Donna text,960
4/11/24-4/13/24,4pm-5pm,No,"Kathleen, John",Rachel and Kathleen text,961
4/8/25,5pm-6pm,No,"Mary, Dylan, Diane",Diane text,962
10/20/24,5pm-6pm,Yes,"Jason, Renee, Lisa",Michael and Jason text,963
8/12/25,6am-8am,Yes,"Heather, Kathryn, Brittany",Danielle text,964
8/3/24,8am-9am,No,Steven,Curtis? text,965
6/19/25,2pm-4pm,Yes,"Jorge, Heather",Curtis and Daniel text,966
1/23/24,7pm-8pm,Yes,Matthew,Rachel? and Matthew text,967
2/25/24,8pm-10pm,No,Rebekah,Rebekah and Julie? text,968
8/21/24,4pm-6pm,No,Walter,Cody? text,969
7/17/25,8pm-9pm,Yes,Victor,Deborah text,970
4/16/25,4pm-6pm,Yes,"Ryan, Michael",Samantha and Deborah text,971
10/9/24,12pm-2pm,No,Rachel,Rachel text,972
10/28/23,6am-8am,No,"Maria, Bridget",Donald text,973
12/23/23,8pm-10pm,No,"Caitlin, Shannon",Cole text,974
8/25/24-8/26/24,12pm-1pm,No,"Allen, Christopher",Allen and Christopher text,975
12/8/24,8am-9am,Yes,Kathryn,Kathryn text,976
3/7/24-3/9/24,8am-9am,Yes,"Maria, Samuel, Matthew",Anthony text,977
7/11/24,2pm-2pm,No,"Sandra, Patricia, Edward",Samantha and Kristopher text,978
5/17/24-5/19/24,6pm-6pm,Yes,Michael,Michael text,979
9/27/25,2pm-3pm,No,Ronnie,Julie text,980
5/17/24-5/19/24,8pm-10pm,No,"David, Brooke",Brooke text,981
9/8/25,1pm-2pm,No,John,Rachel text,982
9/12/24-9/13/24,4pm-5pm,No,"Maria, Ricky, Dana",Ricky text,983
4/17/24,1pm-2pm,No,Kathleen,Kathleen text,984
8/21/25,1pm-3pm,Yes,"Tammy, Cassandra, Jody",Cassandra and Jody text,985
1/21/25-1/23/25,6am-7am,No,Gina,Gina text,986
11/15/23,7pm-8pm,No,"Joe, Kathleen",Kathleen text,987
11/3/23,7pm-9pm,No,Jimmy,Jimmy text,988
9/21/25,11am-12pm,Yes,"Thomas, Erik, Curtis",Ruth and Curtis text,989
3/28/24,5pm-7pm,Yes,Helen,Daniel? and Cassandra? text,990
6/23/24,5pm-7pm,Yes,Wesley,Wesley text,991
11/28/24-11/30/24,11am-11am,No,"Annette, Brandon, Melinda",Michael text,992
5/2/24,4pm-5pm,Yes,"Cynthia, Joseph",Kenneth text,993
5/30/25,6am-7am,Yes,Grace,Grace text,994
8/16/24,6pm-8pm,No,"Sharon, Sandra",Sharon text,995
3/27/25,4pm-6pm,No,Destiny,Todd text,996
2/25/24,7pm-7pm,Yes,Carl,Shawn text,997
4/6/24,6am-8am,Yes,Kathryn,Danielle text,998
3/21/24-3/23/24,8am-8am,No,Elizabeth,Kathleen text,999
2/18/24-2/19/24,6pm-8pm,Yes,Cody,Cody text,1000
