interaction_id,participant,date,category,duration_minutes,factor_score
1,Jessica Brown,2024-06-27,Email,27,3
2,Anna James,2025-09-10,Meeting,39,2
3,Melody Garcia,2023-10-30,Meeting,74,7
4,Johnny Cruz,2024-04-12,Chat,59,9
5,Jade Wiggins,2024-09-02,Meeting,112,9
6,Mr. Calvin Solis,2024-10-08,Meeting,112,8
7,Christopher Rivas,2024-05-18,Email,56,9
8,Jennifer Crawford,2025-01-07,Chat,59,6
9,Robert Johnson,2024-12-18,Call,112,10
10,Barbara Miller,2024-01-04,Meeting,61,7
11,Christy Glover,2025-09-11,Email,29,4
12,Anthony Keller,2024-06-30,Call,14,8
13,Jose Silva,2024-04-28,Meeting,54,6
14,Blake Moore,2025-07-31,Email,104,4
15,Barbara Jacobs,2024-06-14,Email,15,8
16,Timothy Fisher,2025-09-17,Meeting,76,5
17,Mary Graham,2025-10-06,Meeting,49,8
18,Miss Shelby Randolph,2025-05-13,Email,69,10
19,Jeffery Peters,2024-09-28,Meeting,20,5
20,Samantha Rogers,2023-11-26,Call,29,9
21,Joanne Owens,2024-10-21,Chat,96,5
22,Kristin Moore,2025-03-08,Call,65,8
23,Benjamin Woods,2024-05-20,Chat,96,1
24,Barbara Sharp,2024-09-29,Call,33,3
25,Phillip Frye,2025-06-26,Meeting,95,4
26,Michelle Sellers,2025-02-15,Call,114,6
27,Tyler Mann,2025-06-14,Chat,85,3
28,Catherine Mendez,2024-11-22,Call,71,4
29,Timothy Ferguson,2023-11-29,Call,39,10
30,Joseph Nunez,2025-08-08,Meeting,70,7
31,Rodney Mcclain,2023-12-23,Call,90,5
32,Natalie Haney,2024-05-30,Meeting,115,2
33,Lori Roman,2024-03-30,Call,15,4
34,Elizabeth Brown,2025-01-19,Email,81,2
35,Jennifer Smith,2025-05-07,Email,13,6
36,Stephanie Anderson,2024-02-13,Meeting,69,1
37,Jonathan Salazar,2024-10-19,Chat,35,7
38,Gregory Graham,2024-10-10,Chat,111,3
39,Lindsay Brown,2024-12-11,Chat,89,10
40,Kristina White,2025-09-26,Email,51,9
41,Joshua Moore,2024-10-18,Call,119,7
42,Sharon Parker,2025-08-30,Email,61,1
43,Shawn Peters,2025-03-07,Chat,66,1
44,Linda Chapman,2025-04-13,Call,120,7
45,Hunter Erickson,2024-08-28,Chat,31,7
46,Collin Burke,2024-07-16,Chat,14,4
47,Brandon Stewart,2024-02-15,Email,43,6
48,Joseph Moore,2023-11-12,Email,62,5
49,Donald Williams,2024-12-29,Call,118,4
50,William Green,2024-11-29,Meeting,73,4
51,Julie Moreno,2025-04-03,Email,80,10
52,Jonathan Reese,2024-04-12,Chat,26,8
53,Jason Smith,2024-12-20,Chat,37,2
54,Matthew Herrera,2024-06-28,Chat,26,2
55,Connie Garcia,2025-02-07,Call,68,8
56,Michael Baker,2025-09-17,Meeting,11,3
57,Alexander Moran,2024-12-31,Chat,24,10
58,Jessica Ramirez,2024-03-19,Email,46,4
59,William Hunt,2025-02-04,Meeting,56,5
60,David Palmer,2024-02-01,Email,62,1
61,Cassandra Ellis,2025-05-25,Email,67,10
62,Stacy Gallegos,2025-09-01,Call,32,4
63,David Hartman,2023-12-19,Chat,47,10
64,Christopher Ryan,2024-10-05,Chat,25,7
65,Lisa Jones,2024-08-30,Chat,32,10
66,Lisa Carter,2025-04-30,Email,34,6
67,Mary Hoffman,2024-02-28,Chat,53,10
68,Robert James,2025-02-08,Chat,114,9
69,Daniel Andrade,2024-11-10,Email,94,8
70,Edward Mason,2025-09-11,Chat,117,2
71,Kim Ellison,2024-02-17,Meeting,118,3
72,Robert Wood,2025-08-14,Call,55,6
73,Richard Lee,2024-11-11,Chat,81,6
74,Michael Dudley,2024-06-02,Meeting,36,3
75,Leonard Herman,2024-05-05,Chat,33,5
76,Joshua Thomas,2025-10-14,Chat,68,10
77,Oscar Hodges,2025-03-10,Call,112,9
78,Shane Robles,2024-10-17,Email,45,2
79,Anthony Petersen MD,2025-02-02,Meeting,85,10
80,Natasha Woods,2025-03-28,Call,90,4
81,Heather Cain,2024-11-26,Chat,76,6
82,John Hood,2024-10-29,Chat,56,10
83,Julie Dean,2025-09-16,Email,48,1
84,Bradley Carlson,2024-06-08,Email,102,3
85,Stacy Gonzalez,2024-01-30,Call,47,3
86,Gloria Miller,2024-09-28,Chat,57,1
87,Rachel Kennedy,2024-02-20,Meeting,7,3
88,Krista Richardson,2024-10-26,Meeting,117,9
89,Elizabeth Brown,2023-10-15,Chat,92,8
90,Brandon Nguyen,2025-09-28,Chat,85,2
91,Patricia Waters,2024-07-16,Email,114,1
92,Jodi Weber,2023-12-28,Meeting,83,9
93,Julie Adams,2024-06-20,Chat,5,8
94,Mary Nunez,2025-02-09,Chat,71,2
95,Nicholas Short,2024-07-15,Email,17,7
96,Ricky Leblanc,2024-06-28,Call,13,1
97,Bryan Fields,2023-12-19,Email,111,1
98,Alexis Fox PhD,2025-09-26,Email,43,6
99,Larry Taylor,2025-04-04,Chat,52,3
100,Melissa Miller,2025-10-03,Meeting,112,6
101,Diane Garcia,2024-10-28,Email,113,9
102,Ashley Patterson,2024-03-07,Email,91,4
103,Nicholas Owens,2024-05-02,Email,65,1
104,Tracy Armstrong,2025-03-01,Call,80,7
105,Faith Odonnell,2023-12-10,Chat,111,4
106,Whitney Reynolds,2025-08-31,Meeting,7,7
107,Christy Knox,2025-04-22,Chat,93,10
108,Diane George,2024-03-14,Call,16,1
109,Stephanie Hoffman,2023-10-24,Chat,63,8
110,Amy Murphy,2023-12-31,Email,37,4
111,Lisa Alexander,2024-04-15,Chat,94,8
112,Leonard Walker,2025-06-01,Chat,99,6
113,Theresa Henderson,2024-12-22,Meeting,81,5
114,Erin Park,2025-06-23,Meeting,33,6
115,Richard Lewis,2024-07-09,Email,120,6
116,Patricia Santos,2024-06-10,Meeting,78,4
117,Michael Conway,2025-10-01,Chat,74,8
118,Christy Mayer,2025-09-09,Email,119,7
119,Joshua Thompson,2024-07-05,Call,45,5
120,Brandi Brooks,2025-04-09,Call,102,8
121,Gerald Jones,2025-10-02,Call,18,6
122,Tiffany Johnston,2024-11-20,Call,88,2
123,Michelle Castillo,2024-06-10,Chat,34,5
124,Amy Hughes,2024-11-03,Chat,63,1
125,Chad Hayden,2025-04-06,Email,16,2
126,Daniel Rodriguez,2023-11-15,Email,84,5
127,Deborah Rogers,2024-10-13,Chat,73,2
128,Susan Weaver,2024-05-10,Call,26,8
129,James Carson,2024-08-18,Meeting,71,8
130,Vickie Dickerson,2024-08-23,Chat,108,4
131,Jonathan Williams,2024-03-01,Meeting,95,4
132,Peter Hayden,2024-04-09,Email,5,7
133,Raymond Luna,2024-10-21,Chat,10,3
134,Zachary Bradley,2025-01-08,Call,48,10
135,Jennifer Evans,2024-02-13,Meeting,22,9
136,Kenneth Mann,2024-12-15,Chat,73,4
137,Justin Walters,2025-04-22,Call,14,7
138,Robert Cole,2024-11-14,Call,11,8
139,Nina Ward,2024-06-16,Chat,119,3
140,Miguel Daniels,2025-01-12,Meeting,102,9
141,Jennifer Price,2024-07-27,Chat,69,1
142,Sierra Evans,2024-01-19,Call,7,3
143,Jocelyn Taylor DDS,2024-09-28,Meeting,62,3
144,Dean Allen,2023-10-18,Call,116,7
145,Luke Mclaughlin,2024-05-05,Meeting,29,6
146,Justin Cisneros,2024-11-17,Email,22,4
147,William Rice,2025-01-06,Chat,65,3
148,Kevin Hughes,2024-08-30,Meeting,19,6
149,Jose Martinez,2023-11-10,Email,47,4
150,Lisa Pittman,2024-04-28,Meeting,116,6
151,Paul Mckenzie,2024-07-23,Call,8,2
152,John Burton,2025-02-16,Call,119,8
153,Mary Black,2025-01-12,Email,24,6
154,Margaret Chapman,2024-09-28,Call,42,5
155,Marc Perry,2025-08-25,Call,90,9
156,Angelica Todd,2024-03-02,Call,59,5
157,Jesus Roach,2023-12-09,Call,6,5
158,Mark Guerrero,2023-11-30,Meeting,90,3
159,Miguel Morton,2024-08-21,Chat,91,7
160,Evan Allen,2024-06-22,Email,9,4
161,Katelyn Reyes,2023-11-05,Email,100,7
162,William Green,2024-08-11,Email,32,5
163,David Arnold,2024-11-15,Call,72,9
164,Cynthia Thompson,2025-09-20,Email,25,4
165,Jason Beasley,2025-03-24,Email,85,4
166,Richard Haney,2025-08-15,Call,23,2
167,Rhonda Ochoa,2024-06-20,Call,45,2
168,Christopher Henderson,2024-11-26,Email,31,3
169,Kaitlin Morales,2025-09-24,Call,53,4
170,Veronica Stone,2024-03-23,Chat,88,10
171,Holly Christensen,2025-04-30,Chat,26,3
172,Gregory Preston,2024-03-31,Chat,20,9
173,Ms. Carmen Flores,2025-08-02,Email,77,3
174,Tanya Montgomery,2024-08-24,Meeting,9,9
175,Zachary Kelly,2024-05-22,Meeting,98,8
176,Jennifer Smith,2024-03-04,Chat,81,6
177,David Winters,2024-08-06,Email,31,6
178,Kristen Johnson,2024-06-21,Email,84,7
179,Brandi Reid,2024-05-06,Chat,47,1
180,David Hernandez,2025-01-06,Call,8,4
181,Elizabeth Vance,2025-06-18,Email,76,7
182,Peter Riley,2024-02-27,Email,56,3
183,Connie Nguyen MD,2024-02-24,Call,34,3
184,Christopher Myers,2024-04-12,Chat,61,1
185,Erin Duffy,2024-12-06,Meeting,77,3
186,Karen Johnston,2025-05-08,Chat,81,8
187,Kristen Harris,2024-01-26,Email,28,1
188,Katrina Thomas,2025-07-18,Email,34,9
189,Connie Gates,2025-03-19,Meeting,105,4
190,Maria Stephens,2024-10-06,Email,87,8
191,Beth Watson,2025-02-15,Call,111,5
192,Nicholas Wagner,2024-01-16,Email,32,6
193,Jean Ramirez,2025-08-18,Meeting,97,9
194,Emma Boyd,2024-06-30,Meeting,65,8
195,Heidi Perez,2025-03-09,Chat,58,7
196,Rodney Day,2024-11-09,Call,53,5
197,Cynthia Gomez,2024-01-02,Call,119,9
198,Leslie Wong,2025-02-21,Meeting,66,6
199,Emily Moore,2025-06-15,Email,106,6
200,Maria Hopkins,2024-03-06,Chat,61,3
201,Valerie Massey,2025-01-17,Meeting,91,6
202,Jennifer Morgan DVM,2024-05-20,Call,115,5
203,Emily Barry,2024-06-14,Call,25,5
204,Linda Smith,2024-08-31,Call,119,10
205,Troy Richardson,2024-01-15,Email,82,8
206,Katelyn Rose,2023-11-12,Call,7,3
207,Patricia Short,2025-02-06,Email,105,4
208,Samantha Hogan,2024-11-07,Email,107,4
209,Heather Lozano,2024-09-08,Call,62,8
210,Christopher Avila,2025-09-09,Meeting,90,5
211,Brian Morris,2024-12-16,Email,54,8
212,Ruth Wallace,2025-09-25,Chat,93,1
213,Jacob Howe,2024-01-06,Email,49,3
214,Karen Davis,2025-08-07,Email,78,10
215,Austin Leach,2024-07-01,Email,87,7
216,Beth Franco,2024-01-26,Chat,23,4
217,Brittney Thompson,2025-03-01,Chat,53,7
218,Ryan Austin,2024-04-29,Chat,46,2
219,Ashley Brandt,2023-11-20,Call,110,4
220,Anna Faulkner,2024-09-10,Call,46,5
221,Matthew Wheeler,2024-04-23,Meeting,67,1
222,Jennifer Rodriguez,2024-06-08,Call,12,4
223,Eric Johnson,2025-09-26,Meeting,104,1
224,Eugene Jackson,2023-10-16,Email,10,6
225,Chad Young,2024-08-24,Chat,82,1
226,Mrs. Carmen Nelson,2025-01-31,Chat,12,3
227,Christina Davis,2024-12-30,Chat,51,6
228,Michael White,2025-10-07,Call,57,6
229,Hunter Jones,2023-11-10,Chat,113,4
230,Susan Hayes,2025-05-11,Chat,69,2
231,Scott Bailey,2025-03-13,Chat,100,3
232,Michelle White,2025-02-23,Email,28,4
233,Jennifer Byrd,2025-09-22,Email,50,1
234,Vanessa Meyers,2025-07-03,Email,93,1
235,James Montgomery,2025-06-12,Chat,81,5
236,Amber Reilly,2025-06-02,Call,28,1
237,Janet Coleman,2024-01-11,Call,106,2
238,Robert Harper,2025-06-19,Chat,94,4
239,Chad Cabrera,2025-05-03,Call,109,9
240,Zachary Mejia,2025-09-09,Email,11,4
241,Jesse Lee,2025-09-19,Chat,69,7
242,Mrs. Sharon Gregory,2025-01-16,Meeting,8,2
243,Travis Roberts,2024-11-04,Call,105,2
244,Jacqueline Daugherty,2025-07-15,Chat,54,10
245,Melissa Carter,2024-06-21,Email,11,6
246,Melissa Sharp,2024-06-27,Email,12,1
247,Brent Kline,2025-08-13,Call,106,5
248,Sara Jackson,2024-08-09,Chat,36,4
249,Herbert Russell,2024-09-25,Meeting,94,2
250,Laura Taylor,2024-08-22,Call,110,3
251,Karen Ferguson,2024-12-20,Chat,89,1
252,Marie Nunez,2025-02-16,Chat,71,2
253,Christopher Wright,2024-03-05,Call,54,1
254,Emily Campbell,2024-10-01,Meeting,22,1
255,Crystal Donovan,2025-05-27,Call,17,8
256,Bryan Fleming,2025-05-09,Meeting,14,8
257,Anthony Vargas,2025-08-28,Call,7,8
258,Garrett Phillips,2024-05-29,Meeting,24,4
259,Amy Jones,2024-02-06,Email,100,3
260,Jessica Anderson,2025-01-07,Meeting,90,5
261,Sarah Gonzalez,2023-10-17,Chat,65,10
262,John Hughes,2025-03-22,Meeting,44,1
263,Donna Horton,2024-05-16,Email,108,10
264,Chelsea Velasquez,2024-08-23,Email,72,1
265,Harry Woods,2024-07-05,Meeting,103,6
266,Alyssa Chaney,2025-07-29,Chat,62,8
267,Jason Zamora,2024-06-28,Email,88,7
268,Christina Atkins,2025-03-30,Meeting,46,4
269,Christina Brown,2024-06-15,Email,120,6
270,Allison Smith,2025-01-31,Meeting,107,1
271,Sean Sheppard,2025-09-21,Chat,60,8
272,David Roberts,2024-11-23,Meeting,52,4
273,Jo Christensen,2024-07-31,Call,22,6
274,Jason Ritter,2025-07-25,Call,106,2
275,Jordan Jones,2025-01-20,Call,101,10
276,James Short,2025-04-13,Email,24,9
277,Oscar Johnson,2024-04-19,Call,88,10
278,Hannah Huff,2024-10-12,Call,97,3
279,Jesse Gregory,2024-01-31,Call,61,2
280,Amanda Cardenas,2024-03-19,Chat,41,1
281,Monica Perez,2025-03-02,Meeting,38,2
282,George Miller,2024-04-12,Chat,119,3
283,Melanie Carpenter,2025-01-15,Chat,111,3
284,Andrew Schmidt,2023-12-24,Chat,63,6
285,Christine Brown,2025-05-30,Email,74,6
286,Theresa Tapia,2024-01-20,Email,75,5
287,Jose Bryan,2025-07-31,Email,117,6
288,Kimberly Powell,2024-07-02,Call,101,5
289,Mike Chaney,2024-11-17,Call,8,7
290,Jenna Keith DDS,2025-09-12,Call,120,8
291,Crystal Davis,2024-08-05,Meeting,25,6
292,Benjamin Hartman,2025-10-07,Call,90,1
293,Rodney Miller,2025-01-03,Call,98,3
294,Aaron Gibson,2024-07-07,Chat,50,6
295,Michael Neal,2024-11-03,Meeting,103,5
296,Eric Brown,2024-08-10,Call,53,6
297,Rebecca Dean,2025-06-08,Call,60,9
298,Erin Cobb,2024-06-13,Meeting,66,10
299,Stephanie Lee,2025-01-18,Email,120,5
300,Stephen Turner,2025-01-15,Meeting,96,2
301,Bradley Graham,2024-04-23,Email,62,1
302,William Warner,2025-07-18,Call,40,6
303,Mr. Roger Grant DDS,2024-05-10,Chat,94,8
304,Chris Palmer,2025-01-12,Call,31,8
305,Daniel Avila,2024-03-12,Call,8,3
306,Lisa Hayes,2024-07-06,Chat,115,9
307,Eric Stone,2024-05-08,Email,27,3
308,Mary Cardenas,2023-11-07,Meeting,13,3
309,Brianna Johnson,2024-07-04,Email,73,3
310,Frank Ward,2023-11-18,Meeting,13,6
311,Christopher Simmons,2023-12-19,Meeting,16,6
312,Robin Williams,2024-10-26,Chat,95,2
313,Stephen Meadows,2024-11-17,Email,46,5
314,Elizabeth Brown,2025-09-02,Email,44,6
315,Patrick Wade,2025-06-21,Email,46,10
316,Mrs. Laura Miller,2024-12-07,Call,9,1
317,Ryan Johns,2025-04-27,Call,110,2
318,Austin Brown,2025-10-04,Meeting,5,3
319,Parker Owens,2024-02-22,Chat,25,4
320,Andre Montgomery,2025-05-17,Call,16,2
321,Alexander Mullen,2024-02-25,Chat,108,1
322,Richard Smith,2023-11-18,Chat,31,6
323,Andrew Lang,2025-04-05,Call,15,2
324,Jonathan Kent,2025-04-30,Email,53,1
325,John Lee,2025-08-09,Chat,21,3
326,Kristin Mays,2024-10-23,Call,120,4
327,Mrs. Maria Singh,2025-06-26,Meeting,73,3
328,Robin Massey,2025-07-07,Meeting,30,5
329,Megan Farrell,2024-06-02,Meeting,113,10
330,Robert Conway,2023-10-23,Call,90,8
331,Deborah Cook,2024-07-26,Call,33,9
332,Jennifer Hoffman,2025-03-19,Call,23,8
333,Thomas Cohen,2025-05-08,Call,91,2
334,Daniel Rice,2024-03-04,Meeting,94,3
335,Sergio Macias,2023-12-15,Meeting,53,2
336,Nathan Kent,2024-06-28,Meeting,64,3
337,Kimberly Santiago,2024-08-27,Chat,73,8
338,Latoya Rivera MD,2025-02-19,Call,110,1
339,Brooke Drake,2025-05-01,Call,74,6
340,Catherine Ray,2025-05-18,Chat,12,8
341,Jamie Hall,2024-05-29,Meeting,59,7
342,Dale Ford,2024-11-05,Email,60,6
343,Kimberly Adams,2025-07-17,Email,86,1
344,Jeffrey Medina,2023-12-28,Email,30,2
345,Edgar Lawrence,2023-11-16,Call,6,6
346,Kimberly Jones,2024-04-01,Email,18,4
347,Anthony Thomas,2024-02-14,Meeting,63,5
348,Diane Hughes,2024-04-13,Chat,23,9
349,Daniel Stewart,2025-08-29,Meeting,54,1
350,Luis Mccormick,2025-02-04,Call,108,5
351,Gerald Schultz,2025-03-01,Call,46,8
352,Carrie Graham,2025-04-20,Meeting,73,5
353,Emily Knapp,2024-11-15,Call,34,7
354,Duane Washington,2024-09-25,Call,22,9
355,Kyle Hayes,2024-11-25,Chat,41,1
356,Sheila Nelson,2025-01-12,Call,85,1
357,Allison Mcclain,2025-05-12,Chat,117,1
358,Paul Potts,2024-05-09,Call,120,6
359,Karen Harris,2024-08-04,Meeting,45,10
360,Brandi Monroe,2024-08-06,Chat,115,5
361,Stanley Harris,2024-06-17,Call,43,10
362,Melanie Santos,2023-12-04,Call,94,6
363,Adrian Lowery,2024-01-07,Chat,9,3
364,Mark Jordan,2025-07-12,Chat,50,10
365,Donald Craig,2025-01-31,Call,73,5
366,Nathaniel Sherman Jr.,2024-04-03,Call,7,10
367,Lindsey Peterson,2024-12-04,Email,84,7
368,Nicole Walker,2024-06-30,Call,6,10
369,James Moore,2024-02-20,Call,70,8
370,Robert Lambert,2023-10-27,Meeting,93,5
371,Heather Morales,2024-05-22,Email,24,4
372,Isabel Brown,2024-08-17,Email,81,5
373,Mark Stewart,2024-01-29,Meeting,8,10
374,Sarah Moreno,2025-07-08,Meeting,87,7
375,Regina Rodriguez,2025-01-17,Call,58,5
376,Robert Glass,2025-07-08,Chat,106,8
377,Tara Sullivan,2024-02-17,Meeting,82,7
378,Penny Crosby,2025-03-05,Meeting,119,10
379,Kimberly Randall,2024-12-18,Email,94,6
380,Eric Lopez,2024-10-08,Meeting,88,6
381,Michael Adkins,2023-10-20,Chat,89,5
382,Elizabeth Hoover,2024-04-17,Email,110,8
383,Sarah Rogers,2024-05-13,Meeting,79,6
384,James Shaffer,2025-05-16,Email,102,7
385,Shane Ashley,2024-04-08,Call,73,9
386,Diana White,2024-06-30,Call,88,7
387,Ryan Anderson,2024-07-03,Chat,40,1
388,Russell Morris,2024-08-04,Call,100,2
389,Samantha Garcia,2023-11-10,Email,7,10
390,Tracey Arnold,2025-07-25,Meeting,55,5
391,Tricia Watson,2024-04-17,Chat,103,5
392,Erica Mitchell,2025-01-02,Meeting,86,9
393,Victoria Gates,2024-06-03,Meeting,14,9
394,Christopher Nielsen,2024-03-31,Email,77,3
395,Barbara Brown,2025-04-20,Chat,97,3
396,Pamela Spears,2025-04-26,Email,71,3
397,Megan Franklin,2024-07-10,Call,44,1
398,Kevin Jones,2024-11-08,Chat,82,3
399,Mia Morgan,2025-04-21,Chat,87,8
400,Ronald Williams,2024-05-15,Chat,73,1
401,Daniel Rodriguez,2025-08-28,Chat,62,3
402,Adam Jimenez,2025-04-28,Email,71,1
403,Adrian Brown,2025-07-21,Chat,43,5
404,Robert Kelly,2024-12-03,Meeting,82,10
405,Joel Mccoy,2025-05-28,Call,16,10
406,Ashley Edwards,2025-10-08,Call,79,4
407,Joshua Tran,2024-11-27,Meeting,8,6
408,Eric Tucker,2025-01-01,Email,88,9
409,Bradley Rodriguez,2024-12-16,Email,111,1
410,Jennifer Lowe,2023-10-26,Call,103,10
411,Donald Gould,2024-07-08,Meeting,45,3
412,Sabrina Zimmerman,2024-08-07,Chat,57,1
413,Keith Hoffman,2024-07-22,Email,53,8
414,Andrea Villegas,2024-04-05,Call,5,5
415,Martha Tran,2025-09-29,Call,23,7
416,James Clayton,2025-07-10,Email,23,6
417,Jared Hall,2024-04-16,Chat,52,10
418,Howard Bentley,2024-11-05,Meeting,17,2
419,Steven Rubio,2023-10-22,Chat,61,4
420,Kristin Singleton,2025-02-21,Email,35,7
421,Laura Davis,2025-05-09,Email,57,1
422,Miranda Moore,2025-03-09,Call,14,9
423,Jeffrey Perkins,2024-04-09,Call,64,8
424,Patrick Yoder,2025-02-07,Chat,104,10
425,Sheila Pierce,2024-10-21,Email,49,10
426,Jared Green,2024-09-29,Call,50,1
427,Wendy Lee,2024-09-09,Call,96,4
428,Kelly Weber,2025-10-11,Chat,98,10
429,Russell Holmes,2025-01-29,Chat,37,9
430,Bradley Miller,2025-08-09,Email,25,10
431,Anthony Moses,2024-11-20,Meeting,95,4
432,Lacey Ford,2025-09-11,Call,31,2
433,Elizabeth Jarvis,2025-09-03,Chat,77,8
434,Elaine Rowland,2023-10-17,Call,97,9
435,David Johnson,2024-03-01,Call,61,5
436,Crystal Boyd,2025-08-25,Chat,114,5
437,Diane Stevens,2024-07-16,Chat,17,9
438,William Wilson,2025-04-28,Meeting,32,9
439,Nicholas Townsend,2025-02-19,Meeting,43,4
440,Monica Bowman,2023-12-26,Call,53,3
441,Michael Tran,2025-09-25,Meeting,102,8
442,Thomas Howe,2024-03-06,Meeting,47,6
443,Shane Jones,2025-02-10,Call,29,10
444,Sarah Price,2025-03-27,Meeting,20,7
445,Wesley Grant,2024-09-03,Email,35,4
446,Michael Ross,2024-02-23,Email,58,9
447,Joshua Washington,2023-10-26,Meeting,86,1
448,Nancy Marquez,2025-01-27,Meeting,108,5
449,Joseph Mcdaniel,2025-05-31,Email,32,5
450,Christopher White,2025-04-19,Call,39,2
451,James Hale,2025-08-27,Email,107,1
452,Joseph Mendoza,2024-02-01,Meeting,60,5
453,Joshua Gray,2024-12-30,Meeting,60,2
454,Michael Jones,2025-01-11,Chat,21,9
455,Mr. Clarence Kirby DDS,2025-07-06,Call,86,3
456,Gary Jackson,2024-03-24,Email,46,7
457,Patricia Brennan,2025-10-12,Chat,83,6
458,Todd Payne,2024-02-11,Meeting,99,9
459,Sean Ramirez,2024-08-28,Call,98,7
460,Andrew Hamilton,2025-08-14,Call,114,5
461,Sydney Anderson,2024-05-08,Email,95,4
462,William Roberts,2024-03-05,Chat,79,9
463,Sherry Lee,2024-02-06,Call,77,3
464,Caleb Bell,2024-08-04,Email,41,6
465,Thomas Medina,2025-02-01,Call,52,6
466,Shannon Hall,2024-10-27,Chat,9,7
467,Holly Simpson,2025-04-04,Email,72,4
468,Paula Green,2025-05-08,Chat,6,4
469,Emma Jarvis,2025-01-20,Email,88,7
470,Derek Kennedy,2024-12-12,Chat,102,5
471,Cathy Davila,2024-11-03,Call,21,10
472,Brittney Fisher,2024-05-19,Call,80,2
473,Justin Sosa,2025-05-31,Meeting,90,8
474,Matthew Joyce,2025-02-06,Email,6,4
475,Mitchell Ashley,2024-05-16,Call,112,7
476,Deanna Ramos,2025-10-04,Email,44,8
477,Stuart Hawkins,2024-05-02,Call,41,6
478,Jason Mann,2025-01-03,Email,87,4
479,Virginia Moore,2024-05-02,Meeting,90,10
480,Ronnie Martinez Jr.,2024-10-01,Meeting,52,3
481,Victor Hudson,2023-11-02,Call,25,5
482,Carla Ho,2025-03-19,Email,89,3
483,Breanna Hull,2024-11-16,Call,24,6
484,Adam Ryan,2024-12-20,Email,113,2
485,Paula Bell DVM,2025-09-14,Meeting,40,10
486,Amber Harris,2025-09-30,Call,106,7
487,Teresa Nichols,2025-10-02,Meeting,84,6
488,Mary Howell,2023-10-25,Email,47,5
489,Chris Hart,2025-04-21,Meeting,31,5
490,Bobby Hughes,2024-07-22,Meeting,103,5
491,Patrick Wiggins,2024-07-03,Meeting,19,2
492,Deborah Williams,2024-11-15,Call,51,7
493,Gregory Hancock,2025-03-19,Call,23,10
494,Cassandra Vega,2023-10-19,Chat,74,4
495,Joshua Ramirez,2024-07-05,Email,46,6
496,Alicia Martinez,2024-12-24,Call,11,5
497,Diana Webster,2024-06-14,Chat,90,7
498,Jeremy Garcia,2025-01-28,Chat,83,1
499,Kevin Beard,2023-12-12,Chat,111,1
500,Catherine Mcintosh,2025-04-25,Email,57,1
501,Melanie Blake,2025-04-17,Chat,81,9
502,Brandon Thomas,2024-08-22,Call,78,6
503,David Turner,2025-07-24,Chat,52,7
504,Blake Perry,2024-10-26,Email,13,3
505,Brenda Anderson,2025-07-13,Chat,85,4
506,Jesse Garcia,2025-06-20,Call,89,2
507,John Gould,2024-04-21,Call,14,4
508,Roy Campbell,2025-02-14,Meeting,9,6
509,Mr. Christopher Lopez,2023-12-05,Meeting,85,4
510,Lance Mccormick,2024-02-02,Call,111,1
511,Thomas Chavez,2025-04-25,Chat,98,7
512,Tamara Wong DDS,2024-12-06,Chat,90,2
513,Mrs. Lisa Ray DDS,2025-05-06,Email,8,8
514,Cory Lee,2025-01-26,Email,87,10
515,Lauren Contreras,2025-09-29,Chat,98,10
516,Caleb Alvarez,2024-08-22,Call,120,4
517,Matthew Frederick,2024-12-23,Chat,73,10
518,Kristi Wells,2024-07-21,Chat,99,9
519,Joanna Lee,2024-04-09,Meeting,110,10
520,Barbara Flynn,2024-11-04,Chat,80,1
521,Logan Wood,2025-05-04,Email,5,2
522,Jamie Clark,2024-07-18,Call,63,2
523,Daniel Warren,2025-07-20,Call,73,3
524,Jerry Hall,2024-12-27,Meeting,27,5
525,Lisa Jensen,2024-08-02,Meeting,16,6
526,Daniel Jones,2025-07-20,Call,93,3
527,Catherine Barnes,2025-03-25,Chat,118,4
528,Paul Johnson,2025-05-10,Email,10,8
529,Riley Harrison,2024-01-20,Chat,93,10
530,Erik Barron,2024-08-10,Meeting,85,6
531,Dana Ellison,2025-09-25,Email,41,4
532,Morgan Thompson,2024-11-13,Email,113,6
533,Jessica Rodriguez,2024-12-08,Email,38,10
534,Michael Hernandez,2024-03-31,Email,7,2
535,Felicia Brown,2024-08-04,Meeting,85,8
536,Lisa Walters,2024-07-09,Email,10,3
537,Angelica Dean,2023-12-07,Chat,37,4
538,Emily Clark,2024-10-06,Call,83,7
539,Jennifer Davis,2024-10-28,Call,46,6
540,Barbara Walker,2024-12-05,Chat,45,6
541,Timothy Morales,2024-01-04,Call,107,7
542,Mark Carney,2024-09-08,Call,119,9
543,Joshua Brooks,2025-08-22,Chat,102,5
544,Randy Pierce,2024-05-25,Meeting,6,6
545,Gary Allison,2024-11-09,Chat,55,9
546,Michael Levine,2025-02-06,Call,91,6
547,Allen Daniel,2024-03-22,Call,29,1
548,Trevor Burton,2025-03-28,Chat,70,4
549,Chad Brown,2025-08-11,Chat,27,8
550,Jacqueline Rice,2025-06-20,Meeting,72,10
551,Ralph Reyes,2025-08-15,Email,86,4
552,Laurie Thomas,2023-12-13,Call,103,1
553,Thomas Phillips,2025-05-15,Call,19,7
554,Renee Torres,2025-02-25,Email,81,2
555,Christina Turner PhD,2025-03-15,Call,10,7
556,Mark Kane,2025-01-15,Email,57,2
557,Stephanie Lindsey,2024-07-14,Meeting,41,1
558,Keith Shelton,2025-10-04,Chat,92,3
559,James Vargas,2023-10-24,Meeting,104,5
560,Stephen George,2025-04-21,Chat,76,1
561,Amy Cook,2024-10-13,Meeting,65,7
562,Brittany Burke,2024-12-26,Call,96,5
563,Sara Gonzalez,2023-11-15,Meeting,99,2
564,Rebecca Long,2023-10-27,Meeting,54,3
565,Molly Brooks,2024-04-14,Call,45,7
566,Rebecca Franklin,2025-07-25,Call,17,9
567,Kyle Larsen,2024-09-03,Chat,110,2
568,Daniel Patterson,2024-11-19,Email,54,7
569,Jamie Porter,2025-03-27,Email,39,10
570,Elizabeth Watson,2024-12-15,Meeting,9,3
571,Thomas Buchanan,2025-04-03,Email,7,6
572,Peter Carlson,2024-03-15,Chat,42,10
573,Christopher Johnson,2024-07-17,Meeting,103,8
574,Brandon Martinez,2025-08-04,Call,99,9
575,Derrick Carter,2024-01-12,Meeting,41,4
576,Martin Lopez,2024-07-06,Meeting,120,9
577,Stanley Peters,2024-11-02,Meeting,37,8
578,David Allison,2025-03-22,Meeting,118,9
579,Mark Schneider,2023-11-14,Call,31,9
580,Christopher Green,2024-08-18,Chat,26,3
581,Eric Olsen,2024-07-23,Chat,64,3
582,Heather Dean,2023-11-08,Call,61,1
583,Jeffrey Simmons,2025-07-24,Call,34,4
584,Rachel Combs,2025-08-15,Call,74,5
585,George Sampson,2024-12-29,Call,39,10
586,Dennis Gonzalez,2025-01-14,Meeting,115,7
587,Anne Guzman,2023-10-20,Email,60,1
588,Alice Wilson,2024-01-14,Meeting,77,4
589,Tammy Webb,2025-06-22,Email,13,3
590,Ronald Simmons,2025-05-22,Call,87,3
591,Vernon Benitez,2025-09-07,Call,47,9
592,Erica Lane,2023-12-11,Email,31,3
593,Kendra Mills,2025-03-21,Chat,67,4
594,Jeremy Johnson,2024-01-07,Chat,73,7
595,Michael Jones,2024-11-27,Call,25,10
596,Daniel Gates,2025-08-07,Chat,10,6
597,Marissa Armstrong,2025-06-11,Email,81,6
598,Heather Salinas,2024-08-01,Email,64,5
599,Tyler Sandoval,2025-03-29,Call,30,1
600,Jared Velazquez,2024-11-03,Chat,19,8
601,Rebecca King,2024-11-20,Call,77,3
602,Mary Green,2024-03-17,Call,101,7
603,Nicholas Estrada,2025-05-07,Meeting,102,7
604,Nicole Sanchez,2024-08-27,Meeting,110,2
605,Sierra Guerrero,2024-06-17,Email,18,3
606,Julia Schultz,2024-03-07,Call,86,5
607,Angel Mcdonald,2024-01-07,Chat,12,7
608,Paula Combs,2024-06-06,Call,41,2
609,Nicole Martinez,2024-08-23,Call,89,2
610,Patricia Wagner,2024-04-15,Call,71,5
611,Christopher Simmons,2025-01-20,Call,114,7
612,Stacey Thompson,2025-05-25,Chat,97,6
613,Kelly Kelley,2024-12-03,Meeting,71,6
614,Trevor Smith,2024-03-14,Chat,17,1
615,Jason Ramirez,2023-10-23,Meeting,10,5
616,Nicole Marshall,2024-09-05,Email,12,5
617,Sonya Martinez,2024-01-31,Meeting,29,10
618,Teresa Taylor,2025-06-03,Meeting,24,10
619,Kristina Heath,2024-01-25,Chat,6,5
620,Frances Casey,2025-09-05,Meeting,107,9
621,Meghan Gonzales,2025-04-12,Call,26,7
622,Michael Sanders,2024-03-13,Email,9,5
623,Sean Elliott,2025-01-17,Call,34,5
624,Eric Stewart,2024-12-21,Email,96,2
625,Matthew Wright,2024-02-08,Call,120,3
626,Francisco White,2024-09-08,Chat,88,9
627,April Rivera,2024-10-05,Call,28,5
628,Paula Nichols,2024-02-04,Call,90,4
629,Jonathan Thompson MD,2025-04-10,Email,81,5
630,Robert Franklin,2024-06-04,Call,12,3
631,Kevin Brown,2025-02-27,Email,32,6
632,Amy Hall,2024-04-10,Chat,60,5
633,Richard Garcia,2025-03-11,Call,77,3
634,Rachel Scott,2023-11-03,Call,15,4
635,Amanda Lopez,2024-05-27,Chat,117,9
636,Justin Roberts,2024-07-02,Chat,92,6
637,Brian Sims,2025-09-06,Call,119,10
638,Jennifer Hammond,2024-10-30,Meeting,111,6
639,Matthew Johnson,2025-03-24,Email,97,1
640,Karen West,2024-07-21,Chat,7,7
641,Alexander Mills,2025-01-02,Chat,96,9
642,Jeffrey Galvan,2025-02-04,Chat,77,8
643,Steven Hester,2024-06-02,Chat,67,9
644,Darrell Mitchell,2024-03-28,Chat,53,6
645,Michele Johnson,2024-06-25,Meeting,72,3
646,Brett Howell,2024-11-19,Email,72,7
647,Veronica Montgomery,2024-05-19,Chat,48,5
648,Kevin Dominguez,2024-01-01,Meeting,28,5
649,Wayne Williams,2024-07-04,Meeting,7,3
650,Nancy Cantu,2024-11-11,Chat,99,5
651,Matthew Cuevas,2024-06-24,Email,37,4
652,Charles Petersen,2024-07-02,Email,114,4
653,Ana Adams,2025-06-13,Email,41,3
654,Denise Morrow,2024-03-30,Call,77,4
655,Courtney Martin,2024-12-11,Email,109,1
656,Kelly Torres,2024-08-19,Email,8,9
657,Tanya Coffey,2025-07-29,Email,10,4
658,Amy Nelson,2024-08-23,Chat,68,8
659,Jennifer Miller,2025-05-28,Email,107,9
660,Alicia Walker,2025-04-09,Meeting,68,5
661,Scott Smith,2024-01-22,Email,57,2
662,Jennifer Schmidt,2024-07-25,Meeting,116,10
663,Jerry Yang,2024-10-20,Meeting,68,5
664,Alexander Rodriguez,2024-06-20,Chat,106,5
665,James Fernandez,2024-09-08,Meeting,98,6
666,Brandon Rivas,2025-04-25,Chat,45,3
667,Kathryn Ramirez,2025-02-14,Call,101,7
668,Jill Price,2024-11-08,Meeting,32,2
669,Theresa Yates,2025-09-16,Email,66,4
670,Michael Sparks,2023-12-09,Chat,101,10
671,Ross Holloway,2025-04-19,Call,57,3
672,Deborah Thompson,2025-03-11,Chat,113,8
673,Isaac Carrillo Jr.,2024-09-10,Chat,42,7
674,Mary Ramsey,2024-01-01,Call,107,2
675,Ashley Lam,2023-11-21,Meeting,36,4
676,Julie Morales,2025-06-12,Meeting,45,9
677,Jonathan Williams,2025-07-11,Meeting,44,9
678,Katrina Patton,2024-03-24,Chat,17,6
679,Kristen Brown,2025-07-19,Email,99,10
680,Destiny Taylor,2023-11-16,Chat,7,7
681,Jessica Taylor,2025-10-05,Email,65,6
682,William Lee,2025-01-30,Call,90,2
683,William Wallace,2024-09-21,Email,40,10
684,Erin Trujillo,2024-12-15,Email,44,4
685,Michael Morris,2024-06-27,Email,93,6
686,Danielle Chapman,2025-07-06,Meeting,40,7
687,Jerry Sanchez,2023-11-15,Call,83,8
688,Elijah Howell,2025-09-20,Email,87,8
689,Carlos Stevens,2024-02-18,Email,5,5
690,Tyler Leach,2025-07-01,Chat,8,8
691,Trevor Glover,2023-10-21,Meeting,52,9
692,Melanie Zamora,2023-11-30,Meeting,17,6
693,Calvin Bass,2025-04-08,Email,20,10
694,Jennifer Reese,2024-10-21,Call,38,10
695,Charles Horton,2025-08-12,Meeting,69,9
696,Willie Green,2024-04-07,Email,19,9
697,Brooke Crawford,2025-05-21,Meeting,52,10
698,Elizabeth Hoffman,2024-01-02,Meeting,25,1
699,David Kim,2025-03-16,Chat,69,3
700,Joseph Nelson,2025-07-31,Call,26,1
701,Steven Gonzalez,2023-12-13,Chat,20,6
702,Christopher Colon,2025-05-17,Chat,17,4
703,Garrett White,2024-02-20,Email,35,1
704,Ethan Nguyen,2024-01-19,Call,87,1
705,Alexander Williams,2025-01-07,Call,105,7
706,Rebecca Carrillo,2025-03-17,Call,116,2
707,Edward Gonzalez,2024-11-12,Chat,114,4
708,Seth Bennett,2024-12-13,Meeting,109,6
709,Samantha Bradley,2024-02-27,Meeting,57,9
710,Dillon Murphy,2025-08-07,Email,119,1
711,Jared Gonzalez,2025-10-04,Chat,49,8
712,David Taylor,2025-05-09,Meeting,48,1
713,Richard Bradley,2025-03-23,Call,102,5
714,Deborah Green,2024-01-02,Meeting,119,8
715,Adam Daniels,2024-12-19,Meeting,52,6
716,Juan Edwards,2024-10-27,Email,69,3
717,Craig Burton,2024-11-21,Call,55,2
718,Dr. Michael Schwartz,2025-07-29,Email,10,3
719,Danielle Sims,2024-04-30,Call,35,1
720,Johnny Green,2025-01-05,Chat,119,2
721,Sheri Brown,2025-08-14,Email,97,4
722,Glenn Vasquez,2025-03-25,Chat,79,5
723,David Ramirez,2025-01-31,Email,7,1
724,Dawn Burton,2024-11-24,Chat,65,9
725,Daniel Steele,2024-01-09,Email,57,5
726,Caroline Russell,2024-05-02,Meeting,43,8
727,Mary Jones,2023-12-17,Email,96,8
728,Jerry Murphy,2024-05-14,Call,71,2
729,John Rivera,2025-10-07,Email,49,2
730,Laurie Wolfe,2024-02-03,Email,97,10
731,Carolyn Romero,2025-08-25,Email,49,10
732,Aaron Pacheco,2024-12-24,Chat,48,7
733,Aaron Preston,2024-06-16,Call,62,9
734,Anna Hall,2024-12-14,Call,57,1
735,Robyn Miranda,2024-07-15,Meeting,5,5
736,Mr. Gary Flynn DVM,2023-12-05,Meeting,77,4
737,Leslie Stewart,2024-05-25,Email,119,8
738,Mr. Joseph Wagner,2023-11-15,Email,42,8
739,Tina Anderson,2025-06-01,Chat,23,7
740,Eric Lewis,2025-05-02,Email,81,2
741,James Cowan,2025-09-24,Chat,102,9
742,Barbara Molina,2025-09-05,Meeting,104,1
743,Joshua Jones,2024-10-25,Chat,43,2
744,Ruben Waller,2024-08-30,Call,7,4
745,Lisa Brown,2023-11-02,Email,40,1
746,Corey Brown,2024-06-18,Email,24,6
747,Matthew Brown,2025-09-10,Email,75,10
748,John Ingram,2025-09-22,Call,54,5
749,Emily Barber,2025-10-02,Chat,61,2
750,Danielle Lowe,2024-05-17,Call,120,6
751,Beverly Rosario,2025-02-26,Chat,82,10
752,Krystal Kline,2024-10-23,Meeting,107,10
753,Erin Zuniga,2024-04-06,Chat,67,2
754,Beth Banks,2024-09-17,Email,71,9
755,Robert Cross,2024-02-10,Meeting,22,9
756,Erin Miles,2025-03-08,Chat,50,2
757,Erica Bailey,2025-08-22,Meeting,31,6
758,Daniel Stewart,2024-08-07,Call,116,6
759,Lindsey Hamilton,2025-10-10,Meeting,102,3
760,Matthew Graves,2024-12-25,Chat,75,4
761,Terri Adams,2024-06-15,Call,59,4
762,Lori Kelley,2025-07-30,Email,108,2
763,Dr. Henry Richardson II,2024-06-27,Meeting,92,9
764,Nicholas Freeman,2025-10-04,Email,111,5
765,Edwin Carlson,2023-12-13,Meeting,40,3
766,David Holland,2024-11-25,Chat,41,5
767,Phillip Wilson,2025-04-15,Meeting,55,7
768,Antonio Robinson,2025-07-22,Call,115,1
769,Alexis Contreras,2023-11-12,Chat,59,9
770,Andre Stewart,2025-04-14,Chat,45,9
771,Catherine Rios,2023-12-18,Chat,49,5
772,Morgan Ford,2024-12-05,Email,89,4
773,Jacqueline Bell,2024-04-07,Call,65,2
774,Frederick Deleon,2025-01-16,Meeting,100,7
775,Jeremy Patrick,2024-05-08,Call,63,9
776,Johnathan Hamilton,2025-07-20,Meeting,87,5
777,Samuel Perez,2025-05-14,Meeting,76,3
778,Emily Hicks,2025-03-06,Email,55,6
779,Amy Sanders,2025-04-03,Meeting,82,2
780,James Walton,2023-12-10,Email,66,9
781,Morgan Burke,2025-09-02,Meeting,16,10
782,Jeremy Haney,2024-10-27,Email,70,2
783,Stephanie Gates,2024-01-13,Email,98,6
784,Gabrielle Santos,2025-08-18,Chat,94,10
785,Christopher Lee,2025-03-31,Call,35,10
786,Anthony Bradley,2025-03-15,Call,21,4
787,Christopher Martinez,2024-03-30,Meeting,73,10
788,Felicia Richards,2024-04-25,Chat,14,5
789,Cory Logan,2024-09-26,Call,22,10
790,Tammy Evans,2025-06-23,Meeting,78,6
791,Melinda Adams,2023-12-16,Email,111,10
792,Rose Brewer,2025-08-21,Call,92,6
793,Timothy Olson,2023-11-12,Meeting,98,10
794,Claudia Frazier,2024-03-03,Email,10,2
795,Michael Wise,2024-07-26,Chat,86,5
796,Anthony Anderson,2025-03-30,Call,39,3
797,Brian Blevins,2025-02-13,Email,77,1
798,Stephanie Smith,2025-05-02,Call,115,10
799,Michael Roberts,2024-10-22,Chat,32,6
800,Antonio Jones,2025-05-30,Chat,12,5
801,Michelle Newman,2024-05-03,Call,112,3
802,Gregory Newton,2025-09-26,Meeting,94,6
803,Rita Haney,2024-02-23,Meeting,47,5
804,Courtney Carter,2025-09-19,Email,80,2
805,Justin Franco,2024-02-14,Email,88,1
806,Robert Anderson DVM,2023-10-31,Call,7,4
807,Tyler Smith,2025-01-27,Email,107,1
808,Timothy Crane,2025-08-07,Call,46,5
809,Kayla Wright,2024-10-06,Meeting,88,2
810,Matthew Herrera,2024-09-15,Call,19,8
811,Julia Buckley,2025-01-24,Email,94,2
812,Gregory Hoffman,2024-10-09,Chat,68,3
813,Mrs. Michele Martin,2024-03-18,Call,47,7
814,Sandra Kerr MD,2024-10-10,Email,97,8
815,Holly Crawford,2023-11-05,Call,36,5
816,Brandy Garrison,2024-02-27,Chat,97,9
817,Mr. Reginald Smith,2024-11-27,Email,92,6
818,Eric Mcdonald,2025-06-19,Chat,104,7
819,Luis Stone,2025-06-05,Call,46,9
820,Todd Flores,2024-01-31,Email,61,7
821,Benjamin Rios,2025-05-15,Call,52,10
822,Thomas Williams,2025-09-22,Meeting,29,2
823,William Osborne,2024-06-26,Meeting,49,5
824,Jesus Flores,2024-03-04,Meeting,114,9
825,Daniel Huffman,2024-07-20,Email,103,1
826,John Molina,2024-09-29,Meeting,95,5
827,Gary Spencer,2024-06-08,Chat,14,5
828,Michelle Torres,2024-09-30,Call,13,6
829,Dr. Catherine Jones DDS,2024-08-26,Call,102,1
830,Jessica Rose,2024-06-20,Meeting,116,1
831,Kimberly Oliver,2024-09-21,Chat,7,2
832,Derek Welch,2024-10-18,Meeting,36,7
833,Stephanie Gould,2025-07-12,Email,76,8
834,Lawrence Salas,2025-09-11,Meeting,52,3
835,Brian Larson,2025-02-21,Call,12,4
836,Michelle Smith,2024-04-06,Email,70,6
837,John Wyatt,2024-03-19,Email,24,10
838,Justin Dunn,2024-05-28,Meeting,7,5
839,Rodney Mora,2025-03-23,Chat,55,10
840,Shelia Jones,2025-08-10,Meeting,92,3
841,Melissa Molina,2025-03-17,Meeting,63,8
842,Claudia Garcia,2025-09-05,Call,48,7
843,Mark Oneal,2024-10-26,Email,27,10
844,Timothy Sweeney,2024-07-20,Call,97,1
845,Troy Ayala,2025-07-20,Chat,27,7
846,Rachel Martinez,2024-11-19,Email,34,3
847,Amanda Johnson,2025-07-09,Meeting,38,9
848,Lee Reese,2025-09-08,Email,92,9
849,Michelle Cox,2024-11-19,Email,84,1
850,Christine Lane,2024-07-06,Email,114,5
851,Jermaine Kim,2025-07-31,Meeting,96,5
852,Thomas Jefferson,2025-02-09,Call,24,10
853,Anthony Butler,2023-12-09,Meeting,32,5
854,Kayla Hines,2024-04-21,Call,35,3
855,Charles Keller,2025-06-01,Meeting,96,5
856,Holly Graham,2025-09-11,Email,107,3
857,Shelby Douglas,2025-04-11,Email,72,5
858,Frank Aguilar,2024-05-09,Chat,66,9
859,Amber Sexton,2024-03-23,Chat,91,3
860,Deborah Moss,2025-07-31,Call,80,7
861,Mike Hall,2025-08-17,Email,55,1
862,Mike Diaz,2024-03-23,Chat,66,7
863,Mary Johnson,2025-01-23,Call,48,10
864,John Sanchez,2024-02-21,Meeting,80,4
865,Karen Martinez,2023-11-11,Email,73,1
866,Amy Snyder,2023-11-30,Meeting,38,2
867,Mark Gregory,2025-05-27,Call,34,3
868,Sydney Miller,2025-01-19,Email,36,4
869,Katrina Jackson,2024-06-30,Email,99,9
870,Lance Weaver,2025-07-16,Call,110,3
871,Jason Stone,2025-04-19,Call,94,1
872,Cynthia Macias,2024-05-05,Chat,94,1
873,Jack Poole,2024-01-20,Email,27,1
874,Michael Lopez,2024-05-15,Call,84,9
875,Shawn Clements,2025-05-28,Email,10,8
876,Adam Rogers,2024-10-26,Email,18,5
877,Teresa Gibbs,2025-04-15,Call,74,6
878,Jonathan David,2024-02-20,Call,10,8
879,Luis Sellers,2025-08-22,Chat,18,4
880,Donald White,2023-10-29,Call,42,2
881,Jessica Moss,2024-08-09,Meeting,38,4
882,Marcus Bailey,2024-12-18,Chat,92,8
883,Deanna Murray,2024-09-15,Chat,30,4
884,Carolyn Flores,2025-08-25,Meeting,51,8
885,Jennifer Johnson,2025-08-16,Meeting,12,1
886,Brian Hunt,2025-08-18,Call,44,10
887,Dr. Patricia Fitzpatrick,2023-11-05,Meeting,89,6
888,Susan Mclean DDS,2025-07-10,Chat,98,1
889,Sonya Bush,2024-08-13,Email,102,2
890,Brandon Johnson,2024-06-14,Email,47,6
891,Jack Mcclure,2024-03-07,Chat,59,6
892,Jesus Arroyo,2025-02-17,Email,15,6
893,Victoria Calderon,2024-09-05,Meeting,116,6
894,Richard Brown,2025-01-24,Call,86,2
895,Joshua Stewart,2025-02-09,Chat,22,3
896,Justin Carpenter,2025-08-16,Chat,37,7
897,Jessica Clark,2025-01-17,Chat,13,7
898,Robin Gay,2024-12-18,Meeting,98,10
899,Matthew Nielsen,2024-05-17,Call,52,7
900,Mrs. Stacie Harris,2024-04-12,Email,53,5
901,Henry Cook,2024-10-12,Call,20,6
902,Monica Ball,2025-01-29,Call,50,3
903,Nathaniel Brooks,2024-12-21,Call,101,10
904,Julie Burke,2025-06-12,Meeting,19,10
905,Elizabeth Shannon,2025-05-24,Call,78,10
906,Emily Shaw,2024-09-22,Email,100,9
907,Christina Harris,2025-03-19,Email,64,1
908,Kimberly Mitchell,2024-03-07,Chat,68,7
909,James Blake,2025-03-06,Meeting,37,6
910,Danny Ward,2024-10-20,Call,79,1
911,John Brooks,2023-10-21,Call,50,7
912,James Murphy,2024-10-21,Meeting,114,5
913,John Hanna,2024-03-08,Meeting,43,8
914,Michelle Simpson,2025-01-17,Email,43,9
915,Caitlyn Montes,2025-04-14,Email,83,6
916,Megan Bright,2025-04-29,Chat,8,9
917,Edward Willis,2023-11-13,Meeting,79,1
918,Lori Barton,2025-01-27,Meeting,98,1
919,Robert Macdonald,2025-03-30,Meeting,42,2
920,John Williams,2024-04-11,Meeting,52,3
921,Rita Sharp,2024-11-19,Email,44,6
922,Justin Thompson,2025-05-24,Meeting,19,6
923,Kenneth Martinez,2025-07-20,Chat,67,6
924,James Griffin,2024-07-21,Chat,19,5
925,Monique Ward,2024-12-09,Meeting,114,8
926,Jill Holland,2025-07-17,Email,91,9
927,Jade Conway,2024-03-12,Email,54,1
928,Brandy Shaw,2025-06-01,Call,63,1
929,Hunter Henson,2025-09-10,Chat,24,4
930,Shane Lee,2025-01-18,Email,116,8
931,Natalie Adams,2024-03-12,Chat,101,8
932,Becky Rodriguez,2025-05-17,Email,73,10
933,Arthur Coleman,2024-10-18,Call,69,5
934,Robin West,2024-12-05,Chat,27,3
935,Jeremiah Hester,2024-09-21,Meeting,24,2
936,Lee Hurley,2025-02-22,Email,98,7
937,Matthew Taylor,2024-07-06,Meeting,58,2
938,Cameron Briggs,2023-12-30,Email,119,7
939,Heidi Collins MD,2024-05-23,Call,72,2
940,Alexis Peterson,2025-03-07,Call,73,8
941,Patricia Allen,2024-08-03,Call,27,4
942,Hannah Wright,2025-02-11,Email,113,10
943,Christopher Flores,2025-09-12,Meeting,22,2
944,Richard Perry,2024-05-15,Chat,55,4
945,Jennifer Walsh,2025-09-19,Email,83,4
946,Mark Craig,2024-09-06,Chat,19,5
947,Tiffany Riggs,2024-01-04,Meeting,99,3
948,Michael Carrillo,2025-10-13,Email,96,5
949,Connie Wilson,2025-06-22,Call,47,5
950,Jamie Ferguson,2024-08-14,Email,39,6
951,Brandon Hall,2023-12-15,Meeting,54,7
952,Alyssa Murillo,2024-10-05,Call,24,7
953,David George,2025-07-17,Meeting,94,10
954,Danielle Hartman,2025-07-16,Chat,114,7
955,Beth Ellis,2024-02-02,Call,36,8
956,Travis Whitaker,2025-02-14,Call,78,2
957,Anthony Taylor,2023-11-29,Email,91,7
958,Angela Reed,2024-02-07,Email,99,7
959,Austin Nelson,2025-09-09,Chat,114,7
960,Dustin Hill,2024-08-11,Meeting,82,7
961,William Kennedy,2024-08-19,Meeting,49,5
962,Judith Potts,2025-04-01,Chat,76,9
963,Christopher Stevenson,2024-10-19,Meeting,115,5
964,Megan Obrien,2025-03-10,Email,104,9
965,Judith Ortiz,2024-03-20,Email,79,4
966,Ian Stewart,2024-03-17,Email,105,1
967,Mr. Gary Simon,2024-10-07,Meeting,116,2
968,Jimmy Leonard,2024-06-01,Call,22,10
969,Rachel Cooper,2024-12-12,Email,91,10
970,Amber Scott,2025-09-05,Chat,68,10
971,Jessica House,2024-07-30,Call,113,6
972,Renee Bauer,2024-06-22,Call,83,1
973,Jeffrey Swanson,2025-02-05,Chat,15,1
974,Kimberly Carpenter,2024-03-27,Meeting,65,1
975,Jeffrey Miller DDS,2025-08-15,Email,120,1
976,Betty Smith,2024-02-15,Email,108,1
977,Martin Carpenter,2025-04-20,Call,12,5
978,William Nielsen,2024-11-22,Email,66,5
979,Kristen Moore,2024-11-15,Call,81,2
980,Steven Woods,2023-10-20,Chat,32,7
981,Thomas Dillon,2025-06-23,Meeting,75,10
982,Nathan Lopez,2024-07-26,Call,80,1
983,Mary Dixon,2025-04-27,Email,56,2
984,Isabella Glass,2024-06-11,Call,38,8
985,Robert Gonzalez,2023-12-24,Email,77,9
986,Kevin Ortiz,2025-09-10,Chat,92,3
987,Kevin Frazier,2024-08-23,Call,102,1
988,Carla Cobb,2024-10-29,Chat,64,2
989,Joy Gutierrez,2025-03-14,Chat,65,3
990,Jennifer Lewis,2024-12-03,Chat,88,3
991,Mr. Daniel Walker,2024-05-21,Call,60,10
992,Mark Carlson,2024-07-22,Email,21,1
993,Thomas Tyler,2025-10-14,Email,117,8
994,Jacqueline Grant,2024-01-11,Chat,117,7
995,Dorothy Ellison,2024-10-26,Call,9,4
996,Dustin Wright,2025-08-31,Meeting,22,4
997,Gary Ramirez,2024-03-20,Email,114,4
998,Scott Dunlap,2024-12-06,Call,89,5
999,Brandon Huff,2024-03-16,Email,57,2
1000,Garrett Jacobs,2025-05-31,Chat,62,3
